Nitrogen,Phosphorus,Potassium,Temperature,Humidity,pH_Value,Rainfall,Crop,Crop_ID,Data_Type
91.0,94.0,46.0,29.36792366,76.24900101,6.149934034,92.82840911,Banana,BANANA,Original
105.0,95.0,50.0,27.33368994,83.67675197,5.849076099,101.0494791,Banana,BANANA,Original
108.0,92.0,53.0,27.40053601,82.96221306,6.276800323,104.9378,Banana,BANANA,Original
86.0,76.0,54.0,29.3159075,80.11585705,5.926824754,90.10978128,Banana,BANANA,Original
80.0,77.0,49.0,26.05433004,79.39654531,5.519088423,113.2297373,Banana,BANANA,Original
93.0,94.0,53.0,25.86632408,84.42379269,6.079178788,114.5357503,Banana,BANANA,Original
90.0,92.0,55.0,27.00932084,80.18546798,6.13465588,97.32531705,Banana,BANANA,Original
108.0,89.0,53.0,29.55054817,78.06762846,5.808497604,99.34482238,Banana,BANANA,Original
108.0,88.0,55.0,26.28845991,83.390039,5.891458107,113.8729798,Banana,BANANA,Original
105.0,77.0,52.0,29.16226551,76.16151562,5.816622479,100.0075679,Banana,BANANA,Original
118.0,88.0,52.0,28.65003945,82.68752542,5.843163161,98.75084366,Banana,BANANA,Original
101.0,87.0,54.0,29.07311132,76.50045221,6.376756633,100.1692639,Banana,BANANA,Original
95.0,75.0,50.0,28.08166093,75.26429821,5.623615687,118.2761894,Banana,BANANA,Original
106.0,85.0,53.0,27.1994597,78.8086068,5.91505509,99.72430835,Banana,BANANA,Original
86.0,95.0,49.0,28.05484146,78.04602887,6.458714879,108.3957179,Banana,BANANA,Original
83.0,79.0,55.0,25.14748006,83.34688193,5.565028635,98.66679427,Banana,BANANA,Original
85.0,95.0,47.0,25.94019018,78.3422098,6.211833161,119.84797,Banana,BANANA,Original
109.0,79.0,45.0,27.66752761,79.68542782,6.490074429,108.66464,Banana,BANANA,Original
100.0,76.0,45.0,25.56703012,75.94067692,5.590236025,102.7867717,Banana,BANANA,Original
117.0,86.0,48.0,28.6956201,82.54195839,6.225225239,116.1616839,Banana,BANANA,Original
114.0,94.0,53.0,26.33544853,76.8532006,6.190757459,118.6858263,Banana,BANANA,Original
110.0,78.0,50.0,25.93730186,78.89864446,5.915568968,98.21747528,Banana,BANANA,Original
94.0,70.0,48.0,25.13686519,84.88394407,6.195152442,91.46442491,Banana,BANANA,Original
80.0,71.0,47.0,27.50527651,80.79783998,6.156373499,105.0776992,Banana,BANANA,Original
114.0,79.0,51.0,26.21009246,82.34429458,6.313197204,112.0700033,Banana,BANANA,Original
88.0,78.0,45.0,29.10403455,79.19588629,6.324270089,92.07835761,Banana,BANANA,Original
112.0,73.0,48.0,29.2440638,77.32017166,5.707488987,90.66727868,Banana,BANANA,Original
117.0,76.0,47.0,25.56202173,77.38229006,6.119216009,93.10247183,Banana,BANANA,Original
111.0,87.0,48.0,26.3985515,81.36028902,5.571401169,98.16752001,Banana,BANANA,Original
89.0,83.0,47.0,28.09577643,77.79586769,5.63127166,109.5408614,Banana,BANANA,Original
93.0,91.0,47.0,27.84767901,83.31110751,6.101241579,117.2878912,Banana,BANANA,Original
92.0,81.0,52.0,27.39341554,81.4654833,6.438137279,94.31102057,Banana,BANANA,Original
105.0,74.0,45.0,25.14517635,81.38204104,6.098369122,119.218154,Banana,BANANA,Original
102.0,71.0,48.0,28.65456263,79.28693687,5.695267822,102.4633775,Banana,BANANA,Original
94.0,91.0,51.0,29.16093424,76.67484233,5.618094446,109.575944,Banana,BANANA,Original
116.0,71.0,47.0,27.57278064,82.0638878,6.435785799,91.34276507,Banana,BANANA,Original
117.0,79.0,49.0,25.40909896,82.36208097,6.176644228,112.9794804,Banana,BANANA,Original
119.0,72.0,55.0,25.99069521,83.33983116,6.220643671,112.0777152,Banana,BANANA,Original
99.0,73.0,53.0,26.29039046,81.06003778,5.871702211,118.6730366,Banana,BANANA,Original
91.0,84.0,52.0,29.14827211,78.71024836,6.390741836,117.536781,Banana,BANANA,Original
80.0,90.0,47.0,26.59743595,79.35898915,6.21084479,107.3944717,Banana,BANANA,Original
101.0,70.0,48.0,25.36059237,75.03193255,6.012696655,116.5531455,Banana,BANANA,Original
108.0,89.0,53.0,29.12036889,80.18080728,5.908770059,112.3982055,Banana,BANANA,Original
100.0,80.0,52.0,27.53911354,77.25629897,6.049801781,110.3262123,Banana,BANANA,Original
109.0,91.0,53.0,29.66727337,83.51014178,6.010095853,110.2511102,Banana,BANANA,Original
82.0,78.0,46.0,25.05802193,84.97323747,5.738678895,110.4408803,Banana,BANANA,Original
106.0,70.0,55.0,25.86824781,78.52399914,5.74055541,116.3019555,Banana,BANANA,Original
90.0,86.0,52.0,25.85036988,81.95580471,5.793260262,119.0856171,Banana,BANANA,Original
83.0,95.0,50.0,26.51682337,77.79913575,5.50947065,108.8547508,Banana,BANANA,Original
119.0,90.0,48.0,28.66725136,79.59242542,5.986442306,118.2583441,Banana,BANANA,Original
107.0,72.0,45.0,28.14938935,81.54448882,5.790768046,91.40508414,Banana,BANANA,Original
116.0,81.0,55.0,26.42313317,83.6995044,5.915546415,95.12322062,Banana,BANANA,Original
101.0,75.0,50.0,26.59386409,81.40740301,6.242528278,109.9825551,Banana,BANANA,Original
93.0,81.0,50.0,27.71822477,76.57853189,6.036079266,102.2099836,Banana,BANANA,Original
95.0,75.0,45.0,28.98333432,82.95958244,5.829898502,109.022564,Banana,BANANA,Original
107.0,71.0,55.0,29.42017919,83.96754496,6.088064451,117.229079,Banana,BANANA,Original
83.0,94.0,47.0,27.39872329,81.10523402,6.469370954,112.1355384,Banana,BANANA,Original
102.0,73.0,54.0,26.4020227,84.41007614,5.720726906,111.0162259,Banana,BANANA,Original
86.0,79.0,45.0,27.81251452,82.69285419,5.80766417,99.20961514,Banana,BANANA,Original
117.0,86.0,53.0,25.19640218,83.55829874,5.703381728,115.8586081,Banana,BANANA,Original
111.0,79.0,53.0,28.31193338,75.77363772,6.165001278,119.695765,Banana,BANANA,Original
95.0,74.0,50.0,25.90113128,80.47152737,6.002481605,110.10323,Banana,BANANA,Original
91.0,75.0,55.0,27.48612983,76.11239849,6.212369363,109.2768851,Banana,BANANA,Original
93.0,83.0,46.0,29.38254012,83.50423735,5.765308943,109.2486647,Banana,BANANA,Original
92.0,85.0,51.0,29.22118628,81.08183635,5.740764682,108.8616474,Banana,BANANA,Original
104.0,80.0,54.0,27.09062164,81.33506906,5.879119455,110.1331182,Banana,BANANA,Original
103.0,72.0,51.0,26.12643374,81.81365007,6.099478745,104.4812858,Banana,BANANA,Original
92.0,75.0,45.0,29.01207743,77.95192527,5.674403359,90.43495443,Banana,BANANA,Original
93.0,85.0,49.0,27.96799119,79.28625709,5.694243847,119.4765557,Banana,BANANA,Original
120.0,87.0,52.0,28.0764455,76.05522115,5.905494703,118.9923573,Banana,BANANA,Original
108.0,72.0,46.0,25.16278237,84.97849241,6.110844721,90.94554618,Banana,BANANA,Original
105.0,88.0,54.0,25.78749808,84.51194224,6.020445317,114.2005455,Banana,BANANA,Original
98.0,79.0,50.0,25.34119774,84.47321314,6.435917308,91.06493353,Banana,BANANA,Original
111.0,88.0,55.0,29.44795403,78.34971537,5.505393833,96.45042585,Banana,BANANA,Original
97.0,74.0,45.0,26.47522633,78.51833782,5.677719902,113.1161095,Banana,BANANA,Original
95.0,82.0,48.0,27.39489579,83.31172003,5.719014989,92.78133617,Banana,BANANA,Original
89.0,91.0,55.0,25.08347445,80.261731,6.275572298,94.32961456,Banana,BANANA,Original
89.0,85.0,55.0,26.6719835,76.48541655,6.275384607,91.73358569,Banana,BANANA,Original
118.0,88.0,51.0,25.44926208,79.49221962,6.201911642,100.6619171,Banana,BANANA,Original
101.0,92.0,45.0,28.22776705,80.6430384,5.758054257,98.00403016,Banana,BANANA,Original
99.0,92.0,47.0,28.1279509,77.48247073,6.323933647,103.5045395,Banana,BANANA,Original
82.0,77.0,46.0,28.9470467,82.1888998,5.901100841,95.83016448,Banana,BANANA,Original
90.0,86.0,55.0,27.96236771,84.15403614,5.644486582,97.55986676,Banana,BANANA,Original
95.0,88.0,52.0,28.00316034,78.90085998,6.235461772,94.68180316,Banana,BANANA,Original
104.0,73.0,46.0,29.1400919,80.1190228,6.28236237,90.45142867,Banana,BANANA,Original
102.0,73.0,52.0,27.9122104,83.36307683,6.356090905,90.24211529,Banana,BANANA,Original
100.0,74.0,52.0,25.43480512,81.53977797,5.837258235,96.47800391,Banana,BANANA,Original
94.0,89.0,48.0,28.55980972,84.51602322,5.653437902,111.0843029,Banana,BANANA,Original
99.0,70.0,46.0,26.59580783,82.99556744,5.727469947,100.5123341,Banana,BANANA,Original
112.0,87.0,48.0,27.19711623,77.3970629,6.200111068,99.46950465,Banana,BANANA,Original
117.0,82.0,45.0,25.29391516,79.29122198,5.614471478,105.4220251,Banana,BANANA,Original
96.0,86.0,51.0,29.90888522,76.98740841,6.257369799,91.99964712,Banana,BANANA,Original
113.0,85.0,45.0,27.94972463,76.63713353,6.037430836,109.0921631,Banana,BANANA,Original
105.0,93.0,46.0,25.01018457,78.76260938,5.760457558,108.3690513,Banana,BANANA,Original
85.0,89.0,51.0,29.21144871,84.70189923,6.158164422,108.5501443,Banana,BANANA,Original
108.0,94.0,47.0,27.35911627,84.54625006,6.387431383,90.81250457,Banana,BANANA,Original
92.0,81.0,52.0,28.0106804,76.52808057,5.891413895,103.7040783,Banana,BANANA,Original
110.0,71.0,54.0,28.67208915,82.20793613,5.725418961,94.37987496,Banana,BANANA,Original
82.0,75.0,55.0,27.34585147,78.4873835,6.281069505,92.15524332,Banana,BANANA,Original
117.0,81.0,53.0,29.50704598,78.20585613,5.507641778,98.12565829,Banana,BANANA,Original
133.0,47.0,24.0,24.40228894,79.19732001,7.231324765,90.8022356,Cotton,COTTON,Original
136.0,36.0,20.0,23.09595631,84.86275707,6.925412377,71.29581071,Cotton,COTTON,Original
104.0,47.0,18.0,23.9656349,76.97696717,7.633437412,90.75616738,Cotton,COTTON,Original
133.0,47.0,23.0,24.88738107,75.62137159,6.827354668,89.76050416,Cotton,COTTON,Original
126.0,38.0,23.0,25.36243778,83.63276077,6.176716425,88.43618918,Cotton,COTTON,Original
126.0,50.0,19.0,24.69457084,81.7358876,6.628722836,78.58494391,Cotton,COTTON,Original
113.0,41.0,20.0,25.0017188,80.53965818,7.256877571,96.32600992,Cotton,COTTON,Original
121.0,45.0,22.0,22.45942937,81.30681027,6.443785385,64.23026638,Cotton,COTTON,Original
121.0,47.0,16.0,23.60564038,79.29573149,7.723240151,72.49800885,Cotton,COTTON,Original
129.0,60.0,22.0,24.58453146,79.12404171,5.947448589,71.94608134,Cotton,COTTON,Original
107.0,45.0,25.0,23.0865933,83.55546146,7.227745516,71.84080724,Cotton,COTTON,Original
122.0,59.0,18.0,23.5000992,83.63488952,6.219469084,79.81328183,Cotton,COTTON,Original
140.0,38.0,15.0,24.1472953,75.88298598,6.021439523,69.91563467,Cotton,COTTON,Original
102.0,49.0,21.0,24.69315538,84.84422454,6.253343655,89.799462,Cotton,COTTON,Original
111.0,40.0,25.0,24.484692,84.44932014,6.187455799,90.94342484,Cotton,COTTON,Original
131.0,35.0,18.0,24.49112609,82.24415809,7.057693366,64.02949379,Cotton,COTTON,Original
135.0,43.0,16.0,23.47986888,81.73049149,6.720449769,86.76287924,Cotton,COTTON,Original
100.0,46.0,18.0,24.18586246,76.04203958,6.431689506,69.08056728,Cotton,COTTON,Original
123.0,39.0,24.0,25.00755095,78.17952126,7.453106264,86.06411872,Cotton,COTTON,Original
117.0,56.0,15.0,25.99237426,77.0543546,7.368258226,89.1188212,Cotton,COTTON,Original
121.0,36.0,24.0,23.66457347,81.69105088,7.352401887,99.36898373,Cotton,COTTON,Original
101.0,58.0,18.0,25.66891439,81.38103349,6.652143699,78.59595817,Cotton,COTTON,Original
107.0,42.0,24.0,22.04612876,84.62978302,6.144631795,86.00758678,Cotton,COTTON,Original
100.0,41.0,22.0,22.4204752,84.55794703,7.318802162,93.46595573,Cotton,COTTON,Original
125.0,39.0,21.0,25.03149561,82.21276599,7.954629324,95.0191318,Cotton,COTTON,Original
105.0,60.0,23.0,23.53371386,77.21705554,6.207652157,87.54004943,Cotton,COTTON,Original
102.0,46.0,19.0,22.77076388,82.5993307,6.631005298,81.49543437,Cotton,COTTON,Original
131.0,49.0,22.0,25.49848236,79.9751579,7.306918817,67.05961949,Cotton,COTTON,Original
139.0,35.0,15.0,25.248679,83.4630147,5.898293044,86.55517751,Cotton,COTTON,Original
108.0,36.0,19.0,22.78249615,77.51235009,7.238566893,64.61444234,Cotton,COTTON,Original
118.0,45.0,23.0,23.37044424,77.43198948,7.977651226,71.67870701,Cotton,COTTON,Original
107.0,51.0,22.0,24.86560781,78.22080815,5.983075895,79.56866268,Cotton,COTTON,Original
125.0,60.0,17.0,24.14386157,84.51591287,6.785723961,80.36146974,Cotton,COTTON,Original
113.0,37.0,20.0,25.03300222,79.04368718,7.393441155,97.10087029,Cotton,COTTON,Original
131.0,52.0,16.0,23.65724079,84.47601498,6.486068274,88.54479121,Cotton,COTTON,Original
115.0,48.0,16.0,25.54359718,84.09229796,7.175934962,88.94245493,Cotton,COTTON,Original
113.0,38.0,25.0,22.00085141,79.47270984,7.388265888,90.42224164,Cotton,COTTON,Original
111.0,41.0,18.0,23.64328417,78.1258666,6.10539819,80.96157332,Cotton,COTTON,Original
111.0,53.0,19.0,23.96436009,78.02763149,6.419536555,84.63148859,Cotton,COTTON,Original
122.0,48.0,16.0,24.65425757,75.6350708,6.307585854,61.82980133,Cotton,COTTON,Original
108.0,46.0,17.0,24.3017998,84.87668973,6.93221485,65.0247867,Cotton,COTTON,Original
132.0,41.0,22.0,24.29144926,81.02453404,7.810865753,90.41694635,Cotton,COTTON,Original
103.0,42.0,17.0,24.29470232,84.61527627,6.527541661,81.05902285,Cotton,COTTON,Original
133.0,50.0,25.0,25.72180042,81.19666206,7.569454601,99.93100821,Cotton,COTTON,Original
127.0,37.0,18.0,24.87663664,76.30050373,7.041065585,91.9223468,Cotton,COTTON,Original
110.0,39.0,25.0,22.60612115,77.34264002,7.208795456,75.13617229,Cotton,COTTON,Original
131.0,38.0,19.0,23.86814008,75.68339729,6.814341946,90.4547185,Cotton,COTTON,Original
108.0,38.0,24.0,23.41022496,76.43836957,7.442217061,78.82199603,Cotton,COTTON,Original
122.0,40.0,17.0,24.96440768,81.31677618,6.854558957,80.03995829,Cotton,COTTON,Original
111.0,50.0,15.0,25.16820129,80.30351815,7.884550475,84.62419032,Cotton,COTTON,Original
140.0,40.0,17.0,22.72767171,77.07598065,6.006085786,77.55176318,Cotton,COTTON,Original
100.0,40.0,20.0,22.45145981,76.25674874,7.432043735,86.84998693,Cotton,COTTON,Original
123.0,50.0,16.0,23.04920461,75.53835214,6.498052108,70.65644296,Cotton,COTTON,Original
107.0,36.0,21.0,25.29250148,75.66653335,6.205263534,62.64174227,Cotton,COTTON,Original
118.0,50.0,19.0,22.95604064,82.33733678,6.360812227,66.48339303,Cotton,COTTON,Original
103.0,51.0,20.0,22.80213132,84.14668447,7.046607434,91.6389565,Cotton,COTTON,Original
133.0,57.0,19.0,23.54234715,75.98203329,7.947011366,84.12536744,Cotton,COTTON,Original
129.0,47.0,20.0,24.41212325,80.80343786,6.281913858,98.60457373,Cotton,COTTON,Original
116.0,52.0,19.0,22.94276687,75.37170612,6.114525877,67.08022574,Cotton,COTTON,Original
114.0,40.0,23.0,25.53676123,81.13668716,6.753978061,95.4262599,Cotton,COTTON,Original
131.0,60.0,17.0,25.32023717,81.79475917,7.425041316,83.46532547,Cotton,COTTON,Original
107.0,43.0,18.0,22.426733,81.53480799,6.745104394,65.54475812,Cotton,COTTON,Original
123.0,44.0,21.0,25.78544484,75.00539324,7.641116569,91.39578861,Cotton,COTTON,Original
112.0,49.0,25.0,25.68959532,77.90621048,6.470135478,66.19426787,Cotton,COTTON,Original
119.0,44.0,15.0,22.14593688,82.8597549,7.091992365,60.65381719,Cotton,COTTON,Original
130.0,59.0,19.0,25.07278712,82.50257909,6.520403794,93.51042684,Cotton,COTTON,Original
127.0,53.0,24.0,22.21506982,76.17851932,6.127939628,70.40557612,Cotton,COTTON,Original
134.0,52.0,18.0,23.9643129,76.59175937,7.994679507,76.13090645,Cotton,COTTON,Original
109.0,36.0,18.0,25.40059227,76.53237965,7.524707577,62.5138867,Cotton,COTTON,Original
100.0,48.0,17.0,23.7805123,83.03878838,7.827877818,66.26555904,Cotton,COTTON,Original
132.0,52.0,19.0,24.16402322,76.7433897,6.436691764,61.94626051,Cotton,COTTON,Original
102.0,37.0,25.0,25.31468463,77.91757121,5.907930899,72.82902109,Cotton,COTTON,Original
111.0,39.0,22.0,22.60361557,80.3509046,6.135025006,88.57395505,Cotton,COTTON,Original
117.0,51.0,15.0,22.9535715,78.71555832,6.044556594,99.75336197,Cotton,COTTON,Original
136.0,36.0,24.0,22.74446976,80.41198458,7.59781958,90.07326633,Cotton,COTTON,Original
134.0,56.0,18.0,23.80834611,83.91902605,6.691268104,70.97358303,Cotton,COTTON,Original
112.0,54.0,15.0,25.46228792,81.56641891,6.175492306,76.88582484,Cotton,COTTON,Original
105.0,56.0,15.0,25.96779712,81.97904282,7.272316209,74.14169043,Cotton,COTTON,Original
140.0,45.0,15.0,25.5308271,80.04662756,5.801047545,99.39557151,Cotton,COTTON,Original
126.0,46.0,25.0,24.43847399,81.69801729,6.757457943,60.79645852,Cotton,COTTON,Original
106.0,49.0,24.0,23.03887865,76.47039772,6.983395573,90.64770699,Cotton,COTTON,Original
121.0,53.0,19.0,23.51308653,76.72621429,7.976889498,80.11272117,Cotton,COTTON,Original
108.0,60.0,17.0,22.75805656,76.75768356,6.558902588,97.76600619,Cotton,COTTON,Original
116.0,56.0,17.0,24.71252544,77.7293114,7.979090365,85.24963302,Cotton,COTTON,Original
100.0,52.0,19.0,23.45969093,82.44777468,7.903528673,93.50153555,Cotton,COTTON,Original
129.0,43.0,16.0,25.5503704,77.85055621,6.73210948,78.58488484,Cotton,COTTON,Original
118.0,44.0,23.0,22.08458267,82.82904143,6.691690476,67.06459777,Cotton,COTTON,Original
117.0,43.0,25.0,24.68854799,78.51206972,7.839849298,69.31153566,Cotton,COTTON,Original
126.0,37.0,21.0,25.84997269,84.16855231,6.61448588,77.03421249,Cotton,COTTON,Original
120.0,48.0,16.0,22.46054478,75.40989245,7.456971816,71.85436078,Cotton,COTTON,Original
102.0,45.0,16.0,23.65629976,77.52425987,7.2942193,74.8984994,Cotton,COTTON,Original
131.0,56.0,20.0,22.00817088,81.83896111,7.762647875,92.23645249,Cotton,COTTON,Original
114.0,40.0,17.0,24.32630461,80.13456404,6.363406102,69.45072055,Cotton,COTTON,Original
101.0,37.0,18.0,22.92360984,82.68738535,7.63737841,92.91915074,Cotton,COTTON,Original
106.0,46.0,20.0,23.43821725,78.63388824,6.200671976,81.15072105,Cotton,COTTON,Original
113.0,38.0,20.0,22.10718988,78.58320116,6.364729934,74.94136567,Cotton,COTTON,Original
102.0,53.0,21.0,23.03814028,76.11021529,6.913678684,91.49697481,Cotton,COTTON,Original
110.0,39.0,18.0,24.54795322,75.39752705,7.766259769,63.88079866,Cotton,COTTON,Original
107.0,58.0,15.0,23.73868041,75.77503808,7.55606399,76.63669195,Cotton,COTTON,Original
120.0,60.0,15.0,22.31871914,83.86129998,7.288377241,65.35747011,Cotton,COTTON,Original
22.07,32.9,26.22,30.74,53.5,6.62,875.18,Groundnut,GROUNDNUT,Synthetic_Augmentation
49.19,37.54,39.05,31.95,65.24,7.13,941.53,Groundnut,GROUNDNUT,Synthetic_Augmentation
49.38,27.41,42.49,23.02,64.59,7.41,707.64,Groundnut,GROUNDNUT,Synthetic_Augmentation
31.65,21.43,58.39,23.03,46.23,5.99,439.32,Groundnut,GROUNDNUT,Synthetic_Augmentation
32.76,40.64,32.5,22.51,48.35,6.27,436.32,Groundnut,GROUNDNUT,Synthetic_Augmentation
44.91,28.28,32.08,25.94,57.5,5.5,467.24,Groundnut,GROUNDNUT,Synthetic_Augmentation
53.14,20.05,40.33,26.9,54.99,6.36,868.35,Groundnut,GROUNDNUT,Synthetic_Augmentation
52.06,30.41,32.9,24.42,59.4,6.87,536.95,Groundnut,GROUNDNUT,Synthetic_Augmentation
26.54,57.22,21.94,26.61,66.35,5.8,428.42,Groundnut,GROUNDNUT,Synthetic_Augmentation
16.91,56.75,20.37,23.88,45.94,5.72,772.09,Groundnut,GROUNDNUT,Synthetic_Augmentation
22.08,42.77,43.61,30.49,45.14,7.21,771.47,Groundnut,GROUNDNUT,Synthetic_Augmentation
18.14,50.92,54.22,24.54,72.56,6.41,762.05,Groundnut,GROUNDNUT,Synthetic_Augmentation
59.23,34.46,52.53,25.18,68.98,6.7,529.81,Groundnut,GROUNDNUT,Synthetic_Augmentation
30.7,32.71,23.12,22.3,55.39,5.54,499.29,Groundnut,GROUNDNUT,Synthetic_Augmentation
46.26,48.32,49.54,25.17,71.7,6.69,475.62,Groundnut,GROUNDNUT,Synthetic_Augmentation
17.19,47.72,26.92,27.07,74.75,5.51,409.95,Groundnut,GROUNDNUT,Synthetic_Augmentation
59.65,43.39,25.08,30.97,71.41,6.57,773.08,Groundnut,GROUNDNUT,Synthetic_Augmentation
23.66,22.02,43.78,24.95,64.91,7.17,410.9,Groundnut,GROUNDNUT,Synthetic_Augmentation
39.79,29.25,54.96,24.54,63.32,6.61,637.7,Groundnut,GROUNDNUT,Synthetic_Augmentation
43.88,49.03,42.68,29.58,74.5,6.34,708.75,Groundnut,GROUNDNUT,Synthetic_Augmentation
10.62,51.84,40.81,26.08,47.82,7.28,637.0,Groundnut,GROUNDNUT,Synthetic_Augmentation
44.13,25.97,58.46,23.78,50.99,7.22,947.55,Groundnut,GROUNDNUT,Synthetic_Augmentation
20.61,38.79,49.34,30.78,56.37,6.53,845.03,Groundnut,GROUNDNUT,Synthetic_Augmentation
46.56,51.32,42.8,23.05,72.12,7.23,878.86,Groundnut,GROUNDNUT,Synthetic_Augmentation
14.99,28.18,49.74,22.23,74.38,6.25,831.59,Groundnut,GROUNDNUT,Synthetic_Augmentation
54.38,35.79,32.77,28.09,62.43,6.32,761.06,Groundnut,GROUNDNUT,Synthetic_Augmentation
56.77,38.71,27.87,25.77,56.82,5.76,497.72,Groundnut,GROUNDNUT,Synthetic_Augmentation
44.23,33.58,58.2,24.44,47.97,7.01,928.62,Groundnut,GROUNDNUT,Synthetic_Augmentation
23.91,28.08,27.43,27.22,59.05,6.02,427.1,Groundnut,GROUNDNUT,Synthetic_Augmentation
34.07,58.37,46.1,26.96,48.32,6.0,576.86,Groundnut,GROUNDNUT,Synthetic_Augmentation
48.24,55.07,56.07,31.85,74.47,7.41,443.09,Groundnut,GROUNDNUT,Synthetic_Augmentation
16.89,32.18,42.12,22.97,70.37,6.73,725.42,Groundnut,GROUNDNUT,Synthetic_Augmentation
18.27,30.13,26.41,30.52,62.53,6.97,577.62,Groundnut,GROUNDNUT,Synthetic_Augmentation
28.56,36.19,50.4,29.72,51.2,7.38,472.39,Groundnut,GROUNDNUT,Synthetic_Augmentation
54.81,24.02,30.58,30.46,50.38,6.33,669.92,Groundnut,GROUNDNUT,Synthetic_Augmentation
22.26,48.41,54.05,30.75,55.18,6.56,549.04,Groundnut,GROUNDNUT,Synthetic_Augmentation
22.24,26.45,57.6,30.88,68.32,6.54,694.36,Groundnut,GROUNDNUT,Synthetic_Augmentation
36.49,41.46,37.38,23.32,48.77,7.4,689.22,Groundnut,GROUNDNUT,Synthetic_Augmentation
57.66,26.54,42.18,24.08,52.6,5.56,471.37,Groundnut,GROUNDNUT,Synthetic_Augmentation
55.84,32.86,44.33,26.65,57.01,6.56,512.34,Groundnut,GROUNDNUT,Synthetic_Augmentation
59.43,52.73,49.66,26.69,49.59,7.34,604.83,Groundnut,GROUNDNUT,Synthetic_Augmentation
12.51,33.7,51.78,28.23,67.53,7.09,527.17,Groundnut,GROUNDNUT,Synthetic_Augmentation
56.19,37.52,45.56,22.02,74.8,6.06,437.24,Groundnut,GROUNDNUT,Synthetic_Augmentation
32.91,25.16,26.09,28.32,56.79,7.34,591.49,Groundnut,GROUNDNUT,Synthetic_Augmentation
46.31,38.44,46.4,28.0,59.18,7.4,605.63,Groundnut,GROUNDNUT,Synthetic_Augmentation
18.86,47.12,53.84,22.4,58.49,7.28,849.77,Groundnut,GROUNDNUT,Synthetic_Augmentation
59.59,41.26,46.4,25.02,73.43,6.23,843.11,Groundnut,GROUNDNUT,Synthetic_Augmentation
30.16,42.47,48.79,27.09,72.21,6.34,788.24,Groundnut,GROUNDNUT,Synthetic_Augmentation
27.12,36.33,37.6,23.26,47.75,6.83,793.31,Groundnut,GROUNDNUT,Synthetic_Augmentation
43.15,20.79,33.06,23.98,68.34,7.22,548.01,Groundnut,GROUNDNUT,Synthetic_Augmentation
43.39,25.17,31.01,23.39,53.51,6.85,946.2,Groundnut,GROUNDNUT,Synthetic_Augmentation
20.13,41.68,48.06,31.53,63.3,6.01,775.29,Groundnut,GROUNDNUT,Synthetic_Augmentation
26.02,59.05,35.99,28.85,45.7,6.3,925.06,Groundnut,GROUNDNUT,Synthetic_Augmentation
40.51,37.76,57.44,30.54,54.67,6.59,693.89,Groundnut,GROUNDNUT,Synthetic_Augmentation
41.61,33.36,29.77,31.13,72.72,7.19,986.92,Groundnut,GROUNDNUT,Synthetic_Augmentation
47.25,50.59,50.5,26.81,58.69,5.98,786.89,Groundnut,GROUNDNUT,Synthetic_Augmentation
24.47,30.31,43.44,26.1,51.57,7.13,916.34,Groundnut,GROUNDNUT,Synthetic_Augmentation
18.38,20.3,33.45,29.98,70.18,5.78,864.6,Groundnut,GROUNDNUT,Synthetic_Augmentation
15.79,35.6,59.94,23.93,49.62,6.35,771.8,Groundnut,GROUNDNUT,Synthetic_Augmentation
56.65,59.23,22.79,23.38,68.72,6.04,930.91,Groundnut,GROUNDNUT,Synthetic_Augmentation
43.17,24.47,53.3,23.76,57.7,6.6,700.46,Groundnut,GROUNDNUT,Synthetic_Augmentation
44.31,46.11,59.68,31.99,60.49,5.69,836.71,Groundnut,GROUNDNUT,Synthetic_Augmentation
58.83,32.73,38.45,26.25,46.54,6.84,612.0,Groundnut,GROUNDNUT,Synthetic_Augmentation
49.37,53.28,52.85,26.17,54.65,7.0,880.83,Groundnut,GROUNDNUT,Synthetic_Augmentation
34.56,55.72,25.76,30.79,47.88,5.81,720.3,Groundnut,GROUNDNUT,Synthetic_Augmentation
13.38,22.11,20.02,26.36,68.24,5.57,791.35,Groundnut,GROUNDNUT,Synthetic_Augmentation
51.16,26.72,25.87,30.61,69.69,6.58,891.52,Groundnut,GROUNDNUT,Synthetic_Augmentation
14.64,35.78,49.51,24.57,67.57,6.51,850.16,Groundnut,GROUNDNUT,Synthetic_Augmentation
33.23,34.72,28.77,24.08,67.54,5.74,451.59,Groundnut,GROUNDNUT,Synthetic_Augmentation
18.81,27.01,52.92,25.99,74.71,5.77,792.12,Groundnut,GROUNDNUT,Synthetic_Augmentation
32.44,35.72,55.0,31.76,71.19,5.88,532.48,Groundnut,GROUNDNUT,Synthetic_Augmentation
42.8,31.56,49.39,27.66,61.53,7.16,826.32,Groundnut,GROUNDNUT,Synthetic_Augmentation
11.33,21.98,44.06,26.86,52.81,6.34,854.75,Groundnut,GROUNDNUT,Synthetic_Augmentation
51.33,42.45,35.41,24.71,60.66,6.13,738.46,Groundnut,GROUNDNUT,Synthetic_Augmentation
43.83,22.64,20.04,24.12,71.84,6.79,503.18,Groundnut,GROUNDNUT,Synthetic_Augmentation
54.51,38.8,39.04,31.36,46.78,5.93,751.46,Groundnut,GROUNDNUT,Synthetic_Augmentation
19.77,47.18,28.56,22.99,51.21,6.35,505.68,Groundnut,GROUNDNUT,Synthetic_Augmentation
16.73,54.41,32.82,25.61,46.66,6.21,558.88,Groundnut,GROUNDNUT,Synthetic_Augmentation
40.52,28.22,55.53,31.3,47.99,5.71,469.2,Groundnut,GROUNDNUT,Synthetic_Augmentation
40.98,24.88,54.1,29.54,69.59,6.55,998.01,Groundnut,GROUNDNUT,Synthetic_Augmentation
12.21,36.05,32.96,31.49,62.31,7.11,502.2,Groundnut,GROUNDNUT,Synthetic_Augmentation
58.93,39.95,39.75,31.71,56.42,6.3,750.85,Groundnut,GROUNDNUT,Synthetic_Augmentation
16.4,32.84,27.73,23.03,70.98,6.68,615.2,Groundnut,GROUNDNUT,Synthetic_Augmentation
30.43,37.26,45.33,31.27,72.98,6.28,597.56,Groundnut,GROUNDNUT,Synthetic_Augmentation
32.55,42.72,38.47,28.59,61.63,6.14,607.44,Groundnut,GROUNDNUT,Synthetic_Augmentation
28.93,23.79,26.64,29.23,56.67,5.93,737.6,Groundnut,GROUNDNUT,Synthetic_Augmentation
47.78,30.3,53.07,31.28,62.92,6.84,431.55,Groundnut,GROUNDNUT,Synthetic_Augmentation
57.28,35.7,56.96,27.79,45.14,5.58,808.25,Groundnut,GROUNDNUT,Synthetic_Augmentation
38.13,21.06,49.74,30.52,59.89,6.43,403.28,Groundnut,GROUNDNUT,Synthetic_Augmentation
49.33,33.23,55.15,25.73,61.95,6.04,496.35,Groundnut,GROUNDNUT,Synthetic_Augmentation
48.75,39.86,41.46,31.65,73.91,7.21,512.57,Groundnut,GROUNDNUT,Synthetic_Augmentation
39.71,55.13,34.98,23.01,69.33,6.46,738.64,Groundnut,GROUNDNUT,Synthetic_Augmentation
59.11,44.29,37.0,25.7,57.53,5.74,876.85,Groundnut,GROUNDNUT,Synthetic_Augmentation
51.89,31.38,32.15,30.74,45.72,6.54,678.21,Groundnut,GROUNDNUT,Synthetic_Augmentation
44.51,26.54,46.73,25.77,63.56,5.58,677.04,Groundnut,GROUNDNUT,Synthetic_Augmentation
36.11,28.57,25.58,23.88,55.32,5.69,968.39,Groundnut,GROUNDNUT,Synthetic_Augmentation
30.25,52.36,58.98,22.81,64.55,7.24,780.54,Groundnut,GROUNDNUT,Synthetic_Augmentation
31.45,37.24,21.44,27.35,74.81,7.42,424.24,Groundnut,GROUNDNUT,Synthetic_Augmentation
45.29,32.07,56.12,22.45,73.08,7.17,470.5,Groundnut,GROUNDNUT,Synthetic_Augmentation
12.99,53.39,26.23,27.35,72.47,6.63,638.34,Groundnut,GROUNDNUT,Synthetic_Augmentation
71.0,54.0,16.0,22.61359953,63.69070564,5.749914421,87.75953857,Maize,MAIZE,Original
61.0,44.0,17.0,26.10018422,71.57476937,6.931756558,102.2662445,Maize,MAIZE,Original
80.0,43.0,16.0,23.55882094,71.59351368,6.657964753,66.71995467,Maize,MAIZE,Original
73.0,58.0,21.0,19.97215954,57.68272924,6.596060648,60.65171481,Maize,MAIZE,Original
61.0,38.0,20.0,18.47891261,62.69503871,5.970458434,65.43835393,Maize,MAIZE,Original
68.0,41.0,16.0,21.77689322,57.80840636,6.158830619,102.0861694,Maize,MAIZE,Original
93.0,41.0,17.0,25.6217169,66.50415474,6.047906679,105.4654703,Maize,MAIZE,Original
89.0,60.0,19.0,25.19192419,66.6902901,5.913664501,78.06639649,Maize,MAIZE,Original
76.0,44.0,17.0,20.41683147,62.5542482,5.855442401,65.27798457,Maize,MAIZE,Original
67.0,60.0,25.0,24.92162194,66.78627406,5.750254943,109.2162279,Maize,MAIZE,Original
70.0,44.0,19.0,23.31689124,73.4541537,5.852607099,94.29712821,Maize,MAIZE,Original
90.0,49.0,21.0,24.84016732,68.3584573,6.472523287,74.05474936,Maize,MAIZE,Original
62.0,52.0,16.0,22.27526694,58.84015925,6.967057762,63.87020584,Maize,MAIZE,Original
92.0,44.0,16.0,18.87751445,65.76816093,6.082973754,94.76189431,Maize,MAIZE,Original
66.0,54.0,21.0,25.19008683,60.2001687,5.919045532,72.12375573,Maize,MAIZE,Original
63.0,58.0,22.0,18.25405352,55.28220433,6.204747653,63.72358154,Maize,MAIZE,Original
70.0,47.0,17.0,24.6129118,70.4162444,6.600827017,104.1626147,Maize,MAIZE,Original
61.0,41.0,17.0,25.1420613,65.26185135,6.021902237,76.68456006,Maize,MAIZE,Original
66.0,53.0,19.0,23.09348056,60.1159381,6.033550195,65.49730729,Maize,MAIZE,Original
74.0,55.0,19.0,18.05033737,62.89366992,6.28886807,84.23613484,Maize,MAIZE,Original
77.0,57.0,21.0,24.9321581,73.80435276,6.550563823,79.74078719,Maize,MAIZE,Original
99.0,50.0,15.0,18.14710054,71.09445342,5.573286437,88.07753741,Maize,MAIZE,Original
74.0,56.0,22.0,18.28362235,66.65952796,6.829199275,80.97573281,Maize,MAIZE,Original
83.0,45.0,21.0,18.83344471,58.75082029,5.716222912,79.7532896,Maize,MAIZE,Original
100.0,48.0,16.0,25.71895816,67.22190688,5.54990242,74.51490791,Maize,MAIZE,Original
79.0,51.0,16.0,25.33797709,68.49835977,6.586244581,96.46380213,Maize,MAIZE,Original
94.0,39.0,18.0,23.89114571,57.48775781,5.893093135,102.8301942,Maize,MAIZE,Original
75.0,49.0,15.0,21.53574127,71.50905983,5.918263801,102.4852929,Maize,MAIZE,Original
78.0,48.0,22.0,23.08974909,63.10459626,5.588650585,70.43473609,Maize,MAIZE,Original
87.0,54.0,20.0,25.61707368,63.4711755,6.576418207,108.8303762,Maize,MAIZE,Original
87.0,35.0,25.0,21.44526922,63.1621551,6.178056304,65.88951188,Maize,MAIZE,Original
63.0,43.0,19.0,18.51816776,55.53128131,6.641906353,90.988051,Maize,MAIZE,Original
84.0,57.0,25.0,22.53510514,67.99257471,6.489040367,64.40866039,Maize,MAIZE,Original
64.0,35.0,23.0,23.02038334,61.89472002,5.680361038,63.03843397,Maize,MAIZE,Original
60.0,46.0,22.0,24.89364635,65.61418761,6.625404348,87.9298085,Maize,MAIZE,Original
98.0,44.0,21.0,25.77175115,74.089114,6.524478032,107.4931917,Maize,MAIZE,Original
75.0,56.0,18.0,19.39851734,62.35750641,5.696205468,60.95197486,Maize,MAIZE,Original
86.0,55.0,21.0,21.54156232,59.64024162,6.803931519,109.7515385,Maize,MAIZE,Original
98.0,35.0,18.0,23.79746068,74.82913698,6.252797548,91.76337172,Maize,MAIZE,Original
76.0,57.0,18.0,18.9802729,74.52600826,6.092725883,94.26249353,Maize,MAIZE,Original
99.0,56.0,17.0,24.10859207,73.13112261,6.234330356,71.07562236,Maize,MAIZE,Original
60.0,44.0,23.0,24.7947077,70.04556743,5.722579819,76.72860067,Maize,MAIZE,Original
74.0,48.0,17.0,21.63162756,60.27766379,6.430616465,69.21803098,Maize,MAIZE,Original
89.0,60.0,17.0,25.37548751,57.21025565,5.983952675,101.7004306,Maize,MAIZE,Original
69.0,51.0,23.0,22.21738222,72.85462807,6.80163854,106.6213157,Maize,MAIZE,Original
96.0,46.0,22.0,20.58314011,69.00128641,6.499936446,66.29390357,Maize,MAIZE,Original
61.0,60.0,15.0,24.87502824,68.74248334,6.265564338,91.26056654,Maize,MAIZE,Original
74.0,58.0,18.0,20.03728219,56.35606753,6.727303282,109.024141,Maize,MAIZE,Original
74.0,43.0,23.0,25.95263264,61.89082199,6.325235159,99.57981207,Maize,MAIZE,Original
63.0,43.0,17.0,19.28889933,65.47050802,6.807487794,71.3195307,Maize,MAIZE,Original
99.0,36.0,20.0,20.57981887,65.34583901,6.671085817,78.34604471,Maize,MAIZE,Original
77.0,36.0,23.0,24.71417533,56.73426469,6.648725327,88.45361858,Maize,MAIZE,Original
87.0,60.0,23.0,20.27317074,63.91281869,6.439071996,62.50351892,Maize,MAIZE,Original
60.0,38.0,17.0,18.41932981,64.23580251,6.474476516,76.41312437,Maize,MAIZE,Original
94.0,54.0,17.0,23.39128187,61.74427165,5.871647806,107.3198135,Maize,MAIZE,Original
95.0,38.0,22.0,19.84939404,61.24500053,5.730617109,100.7689246,Maize,MAIZE,Original
84.0,44.0,21.0,21.869274,61.91044947,5.850439831,107.2681929,Maize,MAIZE,Original
77.0,58.0,19.0,22.8056033,56.50768935,5.791649933,101.5952794,Maize,MAIZE,Original
66.0,44.0,20.0,19.0781471,69.02298571,6.740000688,80.72515943,Maize,MAIZE,Original
63.0,35.0,16.0,22.02720976,65.35549924,6.272417541,83.73280082,Maize,MAIZE,Original
79.0,45.0,20.0,23.80546189,59.24537979,5.715208817,89.9622014,Maize,MAIZE,Original
72.0,60.0,25.0,18.52510753,69.0276233,5.773454729,88.10234397,Maize,MAIZE,Original
67.0,51.0,24.0,23.50297882,61.32026065,5.584171461,64.77791424,Maize,MAIZE,Original
86.0,36.0,24.0,26.54986394,72.89187265,5.787268394,73.33636055,Maize,MAIZE,Original
76.0,48.0,18.0,19.29563411,69.63481219,5.77597783,83.21030571,Maize,MAIZE,Original
75.0,53.0,18.0,20.68899915,59.4375337,6.864793607,103.651438,Maize,MAIZE,Original
81.0,45.0,23.0,19.32666088,68.034493,6.192360003,84.22969177,Maize,MAIZE,Original
73.0,45.0,21.0,24.60532218,73.58868502,6.636803223,96.59195302,Maize,MAIZE,Original
71.0,35.0,24.0,22.27373646,59.52193158,5.826426917,67.96704792,Maize,MAIZE,Original
96.0,54.0,22.0,25.70196694,61.33450447,6.960358276,83.20711308,Maize,MAIZE,Original
99.0,39.0,18.0,19.20129357,68.30578978,6.11275104,87.85092352,Maize,MAIZE,Original
62.0,48.0,20.0,21.70181447,60.47470519,6.708446922,95.71388473,Maize,MAIZE,Original
86.0,37.0,16.0,20.51716779,59.21235483,5.561510732,67.61013737,Maize,MAIZE,Original
94.0,50.0,19.0,23.30355338,73.62548442,5.873242491,97.59081274,Maize,MAIZE,Original
76.0,39.0,24.0,24.2547451,55.64709899,6.995843776,64.23845455,Maize,MAIZE,Original
77.0,52.0,17.0,24.86374934,65.7420046,5.714799723,75.82270467,Maize,MAIZE,Original
74.0,39.0,23.0,22.6265115,65.77472881,6.78073637,88.17251033,Maize,MAIZE,Original
81.0,49.0,20.0,18.04185513,60.61494304,5.513697923,104.2321615,Maize,MAIZE,Original
63.0,42.0,21.0,23.26237612,72.33125523,5.798423908,67.10225139,Maize,MAIZE,Original
99.0,38.0,21.0,22.88330922,71.59722446,6.352471866,67.72777298,Maize,MAIZE,Original
90.0,52.0,25.0,25.97482359,69.36385721,6.822586546,103.2234212,Maize,MAIZE,Original
68.0,40.0,19.0,26.14384005,66.20569924,6.655426355,107.2361366,Maize,MAIZE,Original
60.0,57.0,24.0,18.66116213,61.55327249,6.121294041,75.03247667,Maize,MAIZE,Original
71.0,52.0,18.0,25.10787449,55.97732754,5.790770203,78.16077693,Maize,MAIZE,Original
61.0,59.0,17.0,23.33844615,59.24580604,6.47444292,105.0083144,Maize,MAIZE,Original
88.0,38.0,15.0,25.08239719,65.92195844,6.455116637,62.49190812,Maize,MAIZE,Original
65.0,60.0,22.0,25.36768364,72.52054555,6.606984086,107.9124111,Maize,MAIZE,Original
78.0,37.0,22.0,25.34217103,63.31801994,6.330554389,74.52082026,Maize,MAIZE,Original
78.0,58.0,15.0,25.00933355,67.816568,6.528631266,62.91359494,Maize,MAIZE,Original
92.0,60.0,23.0,18.66746724,71.516474,5.721667141,69.93293255,Maize,MAIZE,Original
79.0,59.0,17.0,20.37999665,63.73849998,6.644205485,108.5054416,Maize,MAIZE,Original
91.0,55.0,15.0,18.09300227,72.61024172,6.376651091,78.96159541,Maize,MAIZE,Original
76.0,51.0,18.0,26.16985907,71.96246617,6.247040422,79.84925393,Maize,MAIZE,Original
87.0,48.0,25.0,18.65396672,61.37879671,6.656730008,93.62039175,Maize,MAIZE,Original
71.0,60.0,22.0,26.07470121,59.37147589,6.2048017,85.75692395,Maize,MAIZE,Original
90.0,57.0,24.0,18.92851916,72.80086137,6.158860284,82.34162918,Maize,MAIZE,Original
67.0,35.0,22.0,23.30546753,63.24648023,6.385684214,108.7603001,Maize,MAIZE,Original
60.0,54.0,19.0,18.74826712,62.49878458,6.417820493,70.23401597,Maize,MAIZE,Original
83.0,58.0,23.0,19.74213321,59.66263104,6.381201909,65.50861389,Maize,MAIZE,Original
83.0,57.0,19.0,25.73044432,70.74739256,6.877869005,98.73771338,Maize,MAIZE,Original
119.88,54.62,44.9,22.75,54.17,5.61,597.27,Potato,POTATO,Synthetic_Augmentation
101.17,39.19,53.26,15.58,80.56,6.73,423.97,Potato,POTATO,Synthetic_Augmentation
51.98,57.93,62.6,22.76,65.21,7.31,572.69,Potato,POTATO,Synthetic_Augmentation
97.54,32.7,116.47,27.75,75.87,6.16,532.0,Potato,POTATO,Synthetic_Augmentation
106.88,66.82,57.76,20.87,66.2,7.07,810.31,Potato,POTATO,Synthetic_Augmentation
95.02,62.49,61.64,19.83,51.6,6.97,659.8,Potato,POTATO,Synthetic_Augmentation
80.68,42.27,56.75,22.64,58.14,5.16,860.5,Potato,POTATO,Synthetic_Augmentation
76.35,49.01,74.51,25.6,61.23,6.9,963.73,Potato,POTATO,Synthetic_Augmentation
96.26,51.58,99.82,20.95,64.5,6.31,590.63,Potato,POTATO,Synthetic_Augmentation
57.3,50.74,49.91,20.34,69.49,7.33,421.73,Potato,POTATO,Synthetic_Augmentation
93.5,52.89,41.62,18.24,54.15,5.54,564.74,Potato,POTATO,Synthetic_Augmentation
78.09,56.45,40.08,17.1,53.27,6.37,597.44,Potato,POTATO,Synthetic_Augmentation
88.39,41.09,41.94,27.24,53.79,5.32,487.93,Potato,POTATO,Synthetic_Augmentation
118.69,60.88,88.82,27.83,53.1,7.44,522.41,Potato,POTATO,Synthetic_Augmentation
93.62,51.0,70.72,27.11,55.22,7.49,627.48,Potato,POTATO,Synthetic_Augmentation
95.41,78.4,44.61,27.0,69.87,6.76,489.51,Potato,POTATO,Synthetic_Augmentation
87.34,63.68,76.5,17.01,58.54,7.14,420.68,Potato,POTATO,Synthetic_Augmentation
99.62,79.97,40.6,17.09,73.6,5.15,753.87,Potato,POTATO,Synthetic_Augmentation
97.88,59.41,69.21,24.06,70.8,5.52,737.88,Potato,POTATO,Synthetic_Augmentation
111.73,63.34,77.74,19.18,53.01,5.61,406.71,Potato,POTATO,Synthetic_Augmentation
119.06,41.12,105.19,17.19,59.93,6.05,594.64,Potato,POTATO,Synthetic_Augmentation
105.88,77.88,110.02,17.0,77.18,5.37,948.03,Potato,POTATO,Synthetic_Augmentation
86.25,46.82,52.56,15.15,58.68,7.29,878.36,Potato,POTATO,Synthetic_Augmentation
117.89,35.04,87.37,18.34,69.0,5.8,570.08,Potato,POTATO,Synthetic_Augmentation
90.17,39.17,77.53,23.46,54.49,7.33,703.43,Potato,POTATO,Synthetic_Augmentation
107.37,62.7,96.8,24.31,80.63,6.53,566.93,Potato,POTATO,Synthetic_Augmentation
56.97,60.31,45.31,18.14,52.12,6.37,496.2,Potato,POTATO,Synthetic_Augmentation
92.73,69.54,105.75,19.02,69.21,6.41,683.73,Potato,POTATO,Synthetic_Augmentation
95.86,40.5,118.34,16.28,79.02,6.49,546.91,Potato,POTATO,Synthetic_Augmentation
102.2,34.22,101.95,22.67,53.88,5.2,850.5,Potato,POTATO,Synthetic_Augmentation
70.51,74.47,100.97,24.08,59.75,6.77,968.89,Potato,POTATO,Synthetic_Augmentation
56.41,46.31,58.77,20.11,75.98,6.19,742.44,Potato,POTATO,Synthetic_Augmentation
71.99,37.06,61.35,26.18,71.08,5.94,873.94,Potato,POTATO,Synthetic_Augmentation
54.51,42.69,58.41,27.81,74.71,6.54,402.99,Potato,POTATO,Synthetic_Augmentation
62.9,61.78,70.38,27.02,76.77,6.12,849.71,Potato,POTATO,Synthetic_Augmentation
118.28,53.05,91.4,26.94,58.7,7.22,458.53,Potato,POTATO,Synthetic_Augmentation
95.39,69.14,89.17,21.44,71.61,5.38,529.34,Potato,POTATO,Synthetic_Augmentation
68.89,59.89,75.35,18.18,80.9,5.93,667.62,Potato,POTATO,Synthetic_Augmentation
78.68,39.1,98.53,20.83,50.57,7.41,889.46,Potato,POTATO,Synthetic_Augmentation
100.65,73.45,112.54,19.39,71.38,6.52,560.38,Potato,POTATO,Synthetic_Augmentation
65.54,35.7,92.75,25.15,76.63,5.79,523.16,Potato,POTATO,Synthetic_Augmentation
81.75,57.34,113.53,26.37,82.06,7.13,978.75,Potato,POTATO,Synthetic_Augmentation
82.58,32.37,46.68,20.07,59.02,5.42,971.92,Potato,POTATO,Synthetic_Augmentation
63.68,77.97,100.87,23.33,73.66,5.83,787.86,Potato,POTATO,Synthetic_Augmentation
63.07,76.89,64.14,18.32,74.89,6.64,670.78,Potato,POTATO,Synthetic_Augmentation
94.27,37.97,93.87,18.52,59.55,5.41,599.43,Potato,POTATO,Synthetic_Augmentation
73.19,52.71,55.23,17.51,68.96,5.32,813.34,Potato,POTATO,Synthetic_Augmentation
116.08,51.34,112.09,16.28,51.5,6.8,856.61,Potato,POTATO,Synthetic_Augmentation
109.01,32.84,102.15,19.9,60.62,5.43,997.61,Potato,POTATO,Synthetic_Augmentation
54.46,71.35,91.16,24.56,74.91,7.15,510.28,Potato,POTATO,Synthetic_Augmentation
50.06,59.93,68.31,16.61,56.51,5.83,442.14,Potato,POTATO,Synthetic_Augmentation
53.98,75.8,64.97,27.77,83.75,5.36,828.95,Potato,POTATO,Synthetic_Augmentation
92.06,64.53,47.7,17.45,52.68,6.51,991.95,Potato,POTATO,Synthetic_Augmentation
97.04,65.54,118.77,23.81,51.41,7.17,618.81,Potato,POTATO,Synthetic_Augmentation
50.31,55.36,114.96,18.35,67.2,5.43,434.62,Potato,POTATO,Synthetic_Augmentation
55.64,66.35,109.13,16.86,60.09,5.49,416.11,Potato,POTATO,Synthetic_Augmentation
88.74,65.0,91.83,20.04,69.43,5.24,492.58,Potato,POTATO,Synthetic_Augmentation
115.23,68.08,113.82,26.92,72.73,7.32,650.02,Potato,POTATO,Synthetic_Augmentation
50.25,33.13,48.76,16.24,62.31,6.75,874.39,Potato,POTATO,Synthetic_Augmentation
91.31,37.32,99.83,19.61,50.45,5.7,598.36,Potato,POTATO,Synthetic_Augmentation
69.2,70.59,100.79,24.04,54.87,7.02,806.31,Potato,POTATO,Synthetic_Augmentation
63.64,62.4,78.68,20.71,53.92,6.3,459.96,Potato,POTATO,Synthetic_Augmentation
61.5,36.63,116.33,18.7,62.43,5.81,938.95,Potato,POTATO,Synthetic_Augmentation
89.41,75.96,63.99,16.49,69.47,5.86,881.14,Potato,POTATO,Synthetic_Augmentation
111.56,53.63,117.71,22.19,59.48,6.22,422.39,Potato,POTATO,Synthetic_Augmentation
106.28,35.07,64.7,22.35,51.5,5.2,817.67,Potato,POTATO,Synthetic_Augmentation
55.02,53.85,67.1,17.97,56.61,6.91,970.93,Potato,POTATO,Synthetic_Augmentation
59.81,77.98,87.58,23.34,74.85,6.76,891.89,Potato,POTATO,Synthetic_Augmentation
83.84,56.67,65.91,16.37,73.26,5.08,565.38,Potato,POTATO,Synthetic_Augmentation
56.6,39.54,91.1,23.17,64.74,5.23,660.02,Potato,POTATO,Synthetic_Augmentation
74.69,66.02,86.32,21.39,67.04,7.42,853.78,Potato,POTATO,Synthetic_Augmentation
84.79,53.96,42.12,27.25,61.17,5.64,999.65,Potato,POTATO,Synthetic_Augmentation
100.31,32.37,44.95,15.33,70.99,5.18,960.03,Potato,POTATO,Synthetic_Augmentation
115.58,57.3,89.33,18.79,52.24,6.84,461.07,Potato,POTATO,Synthetic_Augmentation
55.99,45.56,41.0,20.64,74.77,7.0,762.58,Potato,POTATO,Synthetic_Augmentation
109.28,50.33,107.9,21.58,57.81,7.36,564.98,Potato,POTATO,Synthetic_Augmentation
51.83,42.13,69.34,19.57,68.36,7.21,575.4,Potato,POTATO,Synthetic_Augmentation
86.45,47.01,105.74,17.05,53.62,6.26,803.13,Potato,POTATO,Synthetic_Augmentation
105.69,59.48,101.91,20.11,51.15,5.29,423.23,Potato,POTATO,Synthetic_Augmentation
73.03,54.77,68.51,22.29,66.82,6.69,800.18,Potato,POTATO,Synthetic_Augmentation
72.26,47.31,86.81,22.75,61.01,5.83,816.43,Potato,POTATO,Synthetic_Augmentation
95.32,36.75,75.28,26.61,51.27,7.14,497.91,Potato,POTATO,Synthetic_Augmentation
85.51,51.22,40.81,26.9,65.92,7.39,572.05,Potato,POTATO,Synthetic_Augmentation
110.64,76.12,84.55,17.63,73.98,6.37,966.72,Potato,POTATO,Synthetic_Augmentation
80.75,43.43,51.06,24.08,84.09,5.07,844.27,Potato,POTATO,Synthetic_Augmentation
114.89,33.74,48.81,24.0,72.68,5.17,900.65,Potato,POTATO,Synthetic_Augmentation
86.64,75.36,110.24,25.56,68.06,5.63,703.59,Potato,POTATO,Synthetic_Augmentation
57.06,62.94,50.72,21.65,51.9,5.75,539.25,Potato,POTATO,Synthetic_Augmentation
93.4,69.34,44.58,26.05,80.13,5.86,795.4,Potato,POTATO,Synthetic_Augmentation
78.18,37.71,82.29,16.12,80.75,7.31,892.97,Potato,POTATO,Synthetic_Augmentation
89.38,57.88,118.77,18.22,52.66,6.4,597.27,Potato,POTATO,Synthetic_Augmentation
72.56,30.35,87.7,18.43,56.58,5.1,618.62,Potato,POTATO,Synthetic_Augmentation
111.53,46.83,94.33,24.84,61.48,7.05,815.13,Potato,POTATO,Synthetic_Augmentation
89.15,30.05,42.81,27.88,77.38,7.34,941.38,Potato,POTATO,Synthetic_Augmentation
51.43,69.59,76.09,25.26,50.24,5.72,850.79,Potato,POTATO,Synthetic_Augmentation
105.51,60.99,64.1,19.03,83.84,6.1,668.28,Potato,POTATO,Synthetic_Augmentation
88.66,50.48,84.21,20.62,78.94,7.27,959.27,Potato,POTATO,Synthetic_Augmentation
89.5,52.11,96.42,25.9,69.7,6.75,849.84,Potato,POTATO,Synthetic_Augmentation
97.35,67.31,56.69,21.48,70.59,5.01,913.58,Potato,POTATO,Synthetic_Augmentation
92.7,36.46,105.31,24.32,76.54,5.98,912.52,Potato,POTATO,Synthetic_Augmentation
90.0,42.0,43.0,20.87974371,82.00274423,6.502985292,202.9355362,Rice,RICE,Original
85.0,58.0,41.0,21.77046169,80.31964408,7.038096361,226.6555374,Rice,RICE,Original
60.0,55.0,44.0,23.00445915,82.3207629,7.840207144,263.9642476,Rice,RICE,Original
74.0,35.0,40.0,26.49109635,80.15836264,6.980400905,242.8640342,Rice,RICE,Original
78.0,42.0,42.0,20.13017482,81.60487287,7.628472891,262.7173405,Rice,RICE,Original
69.0,37.0,42.0,23.05804872,83.37011772,7.073453503,251.0549998,Rice,RICE,Original
69.0,55.0,38.0,22.70883798,82.63941394,5.70080568,271.3248604,Rice,RICE,Original
94.0,53.0,40.0,20.27774362,82.89408619,5.718627178,241.9741949,Rice,RICE,Original
89.0,54.0,38.0,24.51588066,83.5352163,6.685346424,230.4462359,Rice,RICE,Original
68.0,58.0,38.0,23.22397386,83.03322691,6.336253525,221.2091958,Rice,RICE,Original
91.0,53.0,40.0,26.52723513,81.41753846,5.386167788,264.6148697,Rice,RICE,Original
90.0,46.0,42.0,23.97898217,81.45061596,7.50283396,250.0832336,Rice,RICE,Original
78.0,58.0,44.0,26.80079604,80.88684822,5.108681786,284.4364567,Rice,RICE,Original
93.0,56.0,36.0,24.01497622,82.05687182,6.98435366,185.2773389,Rice,RICE,Original
94.0,50.0,37.0,25.66585205,80.66385045,6.94801983,209.5869708,Rice,RICE,Original
60.0,48.0,39.0,24.28209415,80.30025587,7.042299069,231.0863347,Rice,RICE,Original
85.0,38.0,41.0,21.58711777,82.7883708,6.249050656,276.6552459,Rice,RICE,Original
91.0,35.0,39.0,23.79391957,80.41817957,6.970859754,206.2611855,Rice,RICE,Original
77.0,38.0,36.0,21.8652524,80.1923008,5.953933276,224.5550169,Rice,RICE,Original
88.0,35.0,40.0,23.57943626,83.58760316,5.85393208,291.2986618,Rice,RICE,Original
89.0,45.0,36.0,21.32504158,80.47476396,6.442475375,185.4974732,Rice,RICE,Original
76.0,40.0,43.0,25.15745531,83.11713476,5.070175667,231.3843163,Rice,RICE,Original
67.0,59.0,41.0,21.94766735,80.97384195,6.012632591,213.3560921,Rice,RICE,Original
83.0,41.0,43.0,21.0525355,82.67839517,6.254028451,233.1075816,Rice,RICE,Original
98.0,47.0,37.0,23.48381344,81.33265073,7.375482851,224.0581164,Rice,RICE,Original
66.0,53.0,41.0,25.0756354,80.52389148,7.778915154,257.0038865,Rice,RICE,Original
97.0,59.0,43.0,26.35927159,84.04403589,6.286500176,271.3586137,Rice,RICE,Original
97.0,50.0,41.0,24.52922681,80.54498576,7.070959995,260.2634026,Rice,RICE,Original
60.0,49.0,44.0,20.77576147,84.49774397,6.244841491,240.0810647,Rice,RICE,Original
84.0,51.0,35.0,22.30157427,80.64416466,6.043304899,197.9791215,Rice,RICE,Original
73.0,57.0,41.0,21.44653958,84.94375962,5.824709117,272.2017204,Rice,RICE,Original
92.0,35.0,40.0,22.17931888,80.33127223,6.357389366,200.0882787,Rice,RICE,Original
85.0,37.0,39.0,24.52783742,82.73685569,6.364134968,224.6757231,Rice,RICE,Original
98.0,53.0,38.0,20.26707606,81.63895217,5.01450727,270.4417274,Rice,RICE,Original
88.0,54.0,44.0,25.7354293,83.88266234,6.149410611,233.1321372,Rice,RICE,Original
95.0,55.0,42.0,26.79533926,82.1480873,5.950660556,193.3473987,Rice,RICE,Original
99.0,57.0,35.0,26.75754171,81.17734011,5.960370061,272.2999056,Rice,RICE,Original
95.0,39.0,36.0,23.86330467,83.15250801,5.561398642,285.2493645,Rice,RICE,Original
60.0,43.0,44.0,21.01944696,82.95221726,7.416245107,298.4018471,Rice,RICE,Original
63.0,44.0,41.0,24.17298839,83.7287574,5.583370042,257.0343554,Rice,RICE,Original
62.0,42.0,36.0,22.78133816,82.06719137,6.430010215,248.7183228,Rice,RICE,Original
64.0,45.0,43.0,25.62980105,83.52842314,5.534878156,209.9001977,Rice,RICE,Original
83.0,60.0,36.0,25.59704938,80.14509262,6.903985986,200.834898,Rice,RICE,Original
82.0,40.0,40.0,23.83067496,84.81360127,6.271478838,298.5601175,Rice,RICE,Original
85.0,52.0,45.0,26.31355498,82.36698992,7.224285503,265.5355937,Rice,RICE,Original
91.0,35.0,38.0,24.8972823,80.52586088,6.13428721,183.6793207,Rice,RICE,Original
76.0,49.0,42.0,24.958779,84.47963372,5.206373153,196.9560008,Rice,RICE,Original
74.0,39.0,38.0,23.24113501,84.59201843,7.782051313,233.0453455,Rice,RICE,Original
79.0,43.0,39.0,21.66628296,80.70960551,7.062779015,210.8142087,Rice,RICE,Original
88.0,55.0,45.0,24.63544858,80.41363018,7.730367824,253.7202781,Rice,RICE,Original
60.0,36.0,43.0,23.43121862,83.06310136,5.286203711,219.9048349,Rice,RICE,Original
76.0,60.0,39.0,20.0454142,80.3477562,6.766240045,208.5810155,Rice,RICE,Original
93.0,56.0,42.0,23.85724032,82.22572988,7.382762603,195.0948311,Rice,RICE,Original
65.0,60.0,43.0,21.97199397,81.89918197,5.658169482,227.3637009,Rice,RICE,Original
95.0,52.0,36.0,26.22916897,83.83625819,5.543360238,286.5083725,Rice,RICE,Original
75.0,38.0,39.0,23.44676801,84.79352417,6.215109715,283.9338466,Rice,RICE,Original
74.0,54.0,38.0,25.65553461,83.47021081,7.120272972,217.3788583,Rice,RICE,Original
91.0,36.0,45.0,24.44345477,82.45432595,5.950647577,267.9761948,Rice,RICE,Original
71.0,46.0,40.0,20.2801937,82.1235421,7.236705436,191.9535738,Rice,RICE,Original
99.0,55.0,35.0,21.7238313,80.2389895,6.501697816,277.9626192,Rice,RICE,Original
72.0,40.0,38.0,20.41447029,82.20802629,7.592490617,245.1511304,Rice,RICE,Original
83.0,58.0,45.0,25.75528612,83.51827127,5.875345751,245.6626799,Rice,RICE,Original
93.0,58.0,38.0,20.61521424,83.77345559,6.932400225,279.5451717,Rice,RICE,Original
70.0,36.0,42.0,21.84106875,80.72886384,6.946209881,202.3838319,Rice,RICE,Original
76.0,47.0,42.0,20.08369642,83.29114712,5.739175027,263.6372176,Rice,RICE,Original
99.0,41.0,36.0,24.45802087,82.74835604,6.738652179,182.5616319,Rice,RICE,Original
99.0,54.0,37.0,21.14347496,80.33502926,5.594819626,198.6730942,Rice,RICE,Original
86.0,59.0,35.0,25.78720567,82.11124033,6.946636369,243.5120414,Rice,RICE,Original
69.0,46.0,41.0,23.64124821,80.28597873,5.012139669,263.1103304,Rice,RICE,Original
91.0,56.0,37.0,23.43191632,80.56887849,6.363472208,269.5039162,Rice,RICE,Original
61.0,52.0,41.0,24.97669518,83.891805,6.880431223,204.8001847,Rice,RICE,Original
67.0,45.0,38.0,22.72791041,82.1706881,7.300410836,260.8875056,Rice,RICE,Original
79.0,42.0,37.0,24.87300744,82.84022551,6.587918708,295.6094492,Rice,RICE,Original
78.0,43.0,42.0,21.32376327,83.00320459,7.283736617,192.3197536,Rice,RICE,Original
75.0,54.0,36.0,26.29465461,84.56919326,7.023936392,257.4914906,Rice,RICE,Original
97.0,36.0,45.0,22.2286982,81.85872947,6.939083505,278.0791793,Rice,RICE,Original
67.0,47.0,44.0,26.73072391,81.78596776,7.868474653,280.4044392,Rice,RICE,Original
73.0,35.0,38.0,24.88921174,81.97927117,5.005306977,185.9461429,Rice,RICE,Original
77.0,36.0,37.0,26.88444878,81.46033732,6.136131869,194.5766559,Rice,RICE,Original
81.0,41.0,38.0,22.67846116,83.72874389,7.524080076,200.9133156,Rice,RICE,Original
68.0,57.0,43.0,26.08867875,80.37979919,5.706943251,182.9043504,Rice,RICE,Original
72.0,45.0,35.0,25.42977518,82.94682591,5.758506323,195.3574542,Rice,RICE,Original
61.0,53.0,43.0,26.40323239,81.05635517,6.349606327,223.3671883,Rice,RICE,Original
67.0,43.0,39.0,26.04371967,84.96907151,5.999969026,186.7536773,Rice,RICE,Original
67.0,58.0,39.0,25.2827223,80.54372813,5.453592032,220.1156708,Rice,RICE,Original
66.0,60.0,38.0,22.08576562,83.47038318,6.372576327,231.7364957,Rice,RICE,Original
82.0,43.0,38.0,23.28617173,81.43321641,5.105588355,242.3170629,Rice,RICE,Original
84.0,50.0,44.0,25.48591986,81.40633547,5.935344406,182.6549356,Rice,RICE,Original
81.0,53.0,42.0,23.67575393,81.03569343,5.17782304,233.7034975,Rice,RICE,Original
91.0,50.0,40.0,20.82477109,84.1341879,6.462391607,230.2242223,Rice,RICE,Original
93.0,53.0,38.0,26.92995077,81.91411159,7.069172227,290.6793783,Rice,RICE,Original
90.0,44.0,38.0,23.83509503,83.88387074,7.473134377,241.2013513,Rice,RICE,Original
81.0,45.0,35.0,26.52872817,80.12267476,6.158376967,218.9163567,Rice,RICE,Original
78.0,40.0,38.0,26.46428311,83.85642678,7.549873681,248.2256491,Rice,RICE,Original
60.0,51.0,36.0,22.69657794,82.81088865,6.028321558,256.9964761,Rice,RICE,Original
88.0,46.0,42.0,22.68319059,83.46358271,6.604993475,194.2651719,Rice,RICE,Original
93.0,47.0,37.0,21.53346343,82.14004101,6.500343222,295.9248796,Rice,RICE,Original
60.0,55.0,45.0,21.40865769,83.3293191,5.935745417,287.5766935,Rice,RICE,Original
78.0,35.0,44.0,26.54348085,84.67353597,7.072655622,183.6222657,Rice,RICE,Original
65.0,37.0,40.0,23.35905428,83.59512273,5.333322606,188.413665,Rice,RICE,Original
42.25,22.52,68.44,23.73,56.63,6.07,978.62,Soybean,SOYBEAN,Synthetic_Augmentation
24.71,54.69,55.39,29.96,84.16,7.18,966.03,Soybean,SOYBEAN,Synthetic_Augmentation
26.35,51.83,47.28,26.52,81.46,7.44,822.9,Soybean,SOYBEAN,Synthetic_Augmentation
44.15,38.26,39.32,24.34,63.7,5.68,446.46,Soybean,SOYBEAN,Synthetic_Augmentation
58.99,37.84,66.53,27.35,51.23,5.82,523.49,Soybean,SOYBEAN,Synthetic_Augmentation
68.79,28.75,45.79,31.23,84.2,5.97,429.47,Soybean,SOYBEAN,Synthetic_Augmentation
27.68,22.53,29.76,26.82,81.94,6.57,775.59,Soybean,SOYBEAN,Synthetic_Augmentation
30.09,52.02,50.89,30.37,83.21,6.2,454.35,Soybean,SOYBEAN,Synthetic_Augmentation
31.3,37.51,67.28,24.54,76.98,6.58,509.69,Soybean,SOYBEAN,Synthetic_Augmentation
36.04,46.13,53.64,25.22,58.0,6.94,501.32,Soybean,SOYBEAN,Synthetic_Augmentation
66.83,27.52,25.37,25.97,68.18,6.52,662.0,Soybean,SOYBEAN,Synthetic_Augmentation
69.74,39.45,43.9,25.06,52.34,6.69,536.78,Soybean,SOYBEAN,Synthetic_Augmentation
51.88,22.03,69.07,25.63,81.39,6.45,436.2,Soybean,SOYBEAN,Synthetic_Augmentation
61.11,45.93,59.09,25.14,72.33,7.21,778.64,Soybean,SOYBEAN,Synthetic_Augmentation
37.38,46.5,53.59,31.53,62.98,6.35,887.27,Soybean,SOYBEAN,Synthetic_Augmentation
45.29,49.46,42.99,22.59,76.08,5.76,519.15,Soybean,SOYBEAN,Synthetic_Augmentation
51.34,49.89,64.73,23.27,53.88,7.41,492.65,Soybean,SOYBEAN,Synthetic_Augmentation
29.88,31.65,46.47,30.59,76.62,6.92,505.11,Soybean,SOYBEAN,Synthetic_Augmentation
37.88,39.14,27.37,23.28,60.79,5.75,730.14,Soybean,SOYBEAN,Synthetic_Augmentation
55.25,22.8,44.06,29.39,76.18,7.13,668.94,Soybean,SOYBEAN,Synthetic_Augmentation
61.03,29.63,38.04,22.12,66.36,6.28,544.56,Soybean,SOYBEAN,Synthetic_Augmentation
57.59,32.55,33.64,21.57,65.36,6.11,621.56,Soybean,SOYBEAN,Synthetic_Augmentation
31.8,50.53,66.5,25.98,72.5,7.23,999.3,Soybean,SOYBEAN,Synthetic_Augmentation
50.68,55.59,65.43,29.5,66.13,5.66,409.48,Soybean,SOYBEAN,Synthetic_Augmentation
43.86,39.77,40.37,26.82,69.33,7.17,465.19,Soybean,SOYBEAN,Synthetic_Augmentation
31.26,51.72,62.39,31.94,80.55,7.28,588.61,Soybean,SOYBEAN,Synthetic_Augmentation
40.08,30.72,50.31,31.27,62.06,6.61,577.78,Soybean,SOYBEAN,Synthetic_Augmentation
28.49,27.81,22.9,31.39,64.1,7.17,808.8,Soybean,SOYBEAN,Synthetic_Augmentation
29.6,27.02,60.6,23.18,81.96,5.78,806.63,Soybean,SOYBEAN,Synthetic_Augmentation
60.72,29.41,33.81,31.57,59.26,6.36,659.51,Soybean,SOYBEAN,Synthetic_Augmentation
32.65,51.03,58.59,24.54,79.23,5.93,402.58,Soybean,SOYBEAN,Synthetic_Augmentation
48.56,59.76,21.93,22.5,68.16,7.12,453.43,Soybean,SOYBEAN,Synthetic_Augmentation
39.76,49.88,38.58,22.27,56.84,6.32,687.65,Soybean,SOYBEAN,Synthetic_Augmentation
63.09,45.69,54.52,31.8,64.41,6.31,954.01,Soybean,SOYBEAN,Synthetic_Augmentation
32.29,49.19,57.73,21.17,66.39,5.9,511.23,Soybean,SOYBEAN,Synthetic_Augmentation
43.19,31.58,59.8,30.89,78.1,6.03,564.48,Soybean,SOYBEAN,Synthetic_Augmentation
32.74,25.4,67.19,24.82,57.86,7.19,639.52,Soybean,SOYBEAN,Synthetic_Augmentation
21.76,26.48,51.96,29.39,57.38,7.33,910.6,Soybean,SOYBEAN,Synthetic_Augmentation
62.42,29.11,22.53,30.41,60.7,6.74,855.98,Soybean,SOYBEAN,Synthetic_Augmentation
26.41,51.23,66.93,28.74,65.44,7.25,716.47,Soybean,SOYBEAN,Synthetic_Augmentation
57.24,52.82,57.47,23.45,54.12,5.98,701.72,Soybean,SOYBEAN,Synthetic_Augmentation
45.26,43.31,39.76,29.44,81.96,5.99,841.91,Soybean,SOYBEAN,Synthetic_Augmentation
53.9,40.92,29.43,29.54,83.62,6.94,950.72,Soybean,SOYBEAN,Synthetic_Augmentation
69.21,34.08,51.91,25.69,84.53,5.69,647.42,Soybean,SOYBEAN,Synthetic_Augmentation
63.78,31.36,59.39,24.59,84.3,7.27,580.79,Soybean,SOYBEAN,Synthetic_Augmentation
58.51,33.47,50.32,27.9,79.04,5.55,532.09,Soybean,SOYBEAN,Synthetic_Augmentation
55.6,42.54,44.78,20.66,62.19,7.23,418.54,Soybean,SOYBEAN,Synthetic_Augmentation
39.82,57.81,22.54,29.0,59.02,7.23,847.64,Soybean,SOYBEAN,Synthetic_Augmentation
64.29,28.64,46.56,29.35,58.6,5.96,416.31,Soybean,SOYBEAN,Synthetic_Augmentation
67.93,48.4,51.78,28.93,68.61,6.45,669.72,Soybean,SOYBEAN,Synthetic_Augmentation
52.02,28.06,64.4,29.74,62.23,6.66,484.62,Soybean,SOYBEAN,Synthetic_Augmentation
68.62,56.12,66.09,23.99,55.92,5.92,454.0,Soybean,SOYBEAN,Synthetic_Augmentation
26.01,22.85,69.49,20.89,54.64,7.15,748.14,Soybean,SOYBEAN,Synthetic_Augmentation
58.72,45.24,64.11,27.66,68.27,6.93,668.44,Soybean,SOYBEAN,Synthetic_Augmentation
37.3,38.71,28.49,29.56,59.12,5.81,547.81,Soybean,SOYBEAN,Synthetic_Augmentation
62.1,33.21,54.3,30.28,52.72,7.03,584.6,Soybean,SOYBEAN,Synthetic_Augmentation
30.83,47.56,65.49,23.54,69.91,6.08,732.57,Soybean,SOYBEAN,Synthetic_Augmentation
51.09,44.41,51.18,21.62,74.27,6.85,809.55,Soybean,SOYBEAN,Synthetic_Augmentation
23.7,37.87,40.45,21.04,57.78,6.38,845.74,Soybean,SOYBEAN,Synthetic_Augmentation
31.85,53.19,47.29,29.13,66.54,6.5,771.83,Soybean,SOYBEAN,Synthetic_Augmentation
66.4,39.67,46.43,27.22,75.81,5.64,709.41,Soybean,SOYBEAN,Synthetic_Augmentation
44.08,56.87,44.68,25.62,83.68,6.4,508.53,Soybean,SOYBEAN,Synthetic_Augmentation
30.85,23.81,20.03,25.18,76.92,6.97,419.29,Soybean,SOYBEAN,Synthetic_Augmentation
48.5,26.17,67.05,22.01,71.93,6.15,784.94,Soybean,SOYBEAN,Synthetic_Augmentation
40.61,50.39,31.53,30.87,67.51,7.01,909.84,Soybean,SOYBEAN,Synthetic_Augmentation
69.94,28.96,34.34,23.01,59.2,6.66,996.11,Soybean,SOYBEAN,Synthetic_Augmentation
69.51,41.07,51.95,30.32,82.65,5.91,717.13,Soybean,SOYBEAN,Synthetic_Augmentation
61.64,32.13,41.99,31.83,84.48,7.31,879.07,Soybean,SOYBEAN,Synthetic_Augmentation
33.46,32.83,47.36,26.73,67.69,6.77,644.99,Soybean,SOYBEAN,Synthetic_Augmentation
57.46,33.34,36.53,21.53,56.6,7.2,667.77,Soybean,SOYBEAN,Synthetic_Augmentation
31.39,50.37,47.7,20.25,61.07,5.85,793.52,Soybean,SOYBEAN,Synthetic_Augmentation
33.75,22.6,22.75,26.98,50.76,7.2,493.24,Soybean,SOYBEAN,Synthetic_Augmentation
50.33,37.79,42.14,20.86,78.1,7.29,406.61,Soybean,SOYBEAN,Synthetic_Augmentation
28.93,56.16,47.47,21.8,57.1,6.82,834.89,Soybean,SOYBEAN,Synthetic_Augmentation
49.97,58.13,44.7,23.6,66.7,6.22,534.65,Soybean,SOYBEAN,Synthetic_Augmentation
22.3,34.09,55.57,20.22,65.37,6.79,766.24,Soybean,SOYBEAN,Synthetic_Augmentation
58.83,52.42,55.59,21.23,66.63,6.71,547.34,Soybean,SOYBEAN,Synthetic_Augmentation
22.13,28.94,42.74,24.97,56.18,7.15,955.41,Soybean,SOYBEAN,Synthetic_Augmentation
30.07,57.18,20.89,31.1,83.32,5.52,857.81,Soybean,SOYBEAN,Synthetic_Augmentation
68.51,56.24,68.54,26.6,52.74,7.2,768.3,Soybean,SOYBEAN,Synthetic_Augmentation
50.74,36.69,48.59,21.84,75.89,5.65,837.87,Soybean,SOYBEAN,Synthetic_Augmentation
62.45,38.9,45.49,23.75,83.93,6.97,621.39,Soybean,SOYBEAN,Synthetic_Augmentation
28.74,28.78,43.2,31.31,75.7,5.93,915.74,Soybean,SOYBEAN,Synthetic_Augmentation
38.91,54.07,32.08,27.42,82.43,6.02,815.76,Soybean,SOYBEAN,Synthetic_Augmentation
69.37,26.02,24.42,28.09,61.89,5.64,685.18,Soybean,SOYBEAN,Synthetic_Augmentation
57.69,31.4,36.75,30.15,68.2,7.19,667.83,Soybean,SOYBEAN,Synthetic_Augmentation
67.65,46.03,25.79,30.62,67.12,5.78,491.61,Soybean,SOYBEAN,Synthetic_Augmentation
54.38,21.89,34.33,21.68,65.44,6.33,713.13,Soybean,SOYBEAN,Synthetic_Augmentation
33.98,21.28,50.72,24.48,72.8,5.72,408.27,Soybean,SOYBEAN,Synthetic_Augmentation
32.41,38.26,39.7,29.72,63.22,6.56,756.11,Soybean,SOYBEAN,Synthetic_Augmentation
21.09,40.61,37.24,25.06,53.51,7.07,965.44,Soybean,SOYBEAN,Synthetic_Augmentation
21.11,44.05,58.19,23.42,77.56,6.76,957.5,Soybean,SOYBEAN,Synthetic_Augmentation
69.05,21.69,42.25,26.56,55.14,6.17,992.59,Soybean,SOYBEAN,Synthetic_Augmentation
20.81,38.1,62.13,23.89,66.79,7.46,684.93,Soybean,SOYBEAN,Synthetic_Augmentation
26.55,22.07,67.27,23.19,67.64,5.68,654.19,Soybean,SOYBEAN,Synthetic_Augmentation
66.51,40.1,68.56,23.11,67.66,7.22,668.95,Soybean,SOYBEAN,Synthetic_Augmentation
33.97,54.22,39.49,26.37,84.18,5.87,580.84,Soybean,SOYBEAN,Synthetic_Augmentation
21.55,35.67,30.01,28.16,56.35,6.85,558.09,Soybean,SOYBEAN,Synthetic_Augmentation
37.76,33.95,55.84,25.6,62.65,7.21,743.17,Soybean,SOYBEAN,Synthetic_Augmentation
30.69,56.0,37.13,20.47,67.31,5.75,543.08,Soybean,SOYBEAN,Synthetic_Augmentation
119.77,36.54,104.56,31.24,76.23,7.28,1513.59,Sugarcane,SUGARCANE,Synthetic_Augmentation
139.42,47.08,53.03,26.23,73.66,5.94,1413.11,Sugarcane,SUGARCANE,Synthetic_Augmentation
61.13,76.38,61.17,20.47,58.79,6.1,1073.91,Sugarcane,SUGARCANE,Synthetic_Augmentation
62.62,43.97,55.44,24.54,68.48,6.35,1127.92,Sugarcane,SUGARCANE,Synthetic_Augmentation
67.18,31.26,56.17,29.08,89.68,7.82,1304.22,Sugarcane,SUGARCANE,Synthetic_Augmentation
102.55,45.73,101.92,29.18,84.55,7.74,1234.35,Sugarcane,SUGARCANE,Synthetic_Augmentation
121.35,70.32,64.68,31.15,58.3,7.99,1570.09,Sugarcane,SUGARCANE,Synthetic_Augmentation
67.46,62.81,42.73,29.24,82.97,7.01,1656.86,Sugarcane,SUGARCANE,Synthetic_Augmentation
67.83,43.8,73.13,20.51,70.69,6.16,1192.74,Sugarcane,SUGARCANE,Synthetic_Augmentation
94.01,73.97,61.63,30.72,69.91,6.32,1302.51,Sugarcane,SUGARCANE,Synthetic_Augmentation
93.42,42.87,80.21,21.82,67.32,6.91,1213.41,Sugarcane,SUGARCANE,Synthetic_Augmentation
125.91,42.84,117.58,29.42,88.87,7.6,942.1,Sugarcane,SUGARCANE,Synthetic_Augmentation
102.12,38.5,105.46,27.01,64.22,7.82,915.19,Sugarcane,SUGARCANE,Synthetic_Augmentation
105.11,66.05,44.71,27.17,83.56,5.67,1312.24,Sugarcane,SUGARCANE,Synthetic_Augmentation
80.68,63.15,49.49,31.24,86.32,5.96,1123.27,Sugarcane,SUGARCANE,Synthetic_Augmentation
107.01,65.9,75.41,21.88,58.65,8.0,1255.35,Sugarcane,SUGARCANE,Synthetic_Augmentation
129.8,54.12,113.79,21.05,58.99,7.82,1747.49,Sugarcane,SUGARCANE,Synthetic_Augmentation
85.18,47.76,76.2,24.99,61.65,7.75,1053.31,Sugarcane,SUGARCANE,Synthetic_Augmentation
116.42,33.36,43.1,27.84,66.87,7.14,894.02,Sugarcane,SUGARCANE,Synthetic_Augmentation
135.99,67.43,110.1,21.64,66.21,6.42,1337.17,Sugarcane,SUGARCANE,Synthetic_Augmentation
83.75,33.03,69.51,23.05,68.51,5.99,1061.9,Sugarcane,SUGARCANE,Synthetic_Augmentation
110.16,49.41,67.63,26.41,82.02,6.45,1387.52,Sugarcane,SUGARCANE,Synthetic_Augmentation
137.3,56.1,112.78,29.52,57.06,6.57,1498.32,Sugarcane,SUGARCANE,Synthetic_Augmentation
138.94,52.92,47.42,26.74,59.43,7.38,1307.68,Sugarcane,SUGARCANE,Synthetic_Augmentation
117.87,73.47,90.32,27.35,81.41,7.61,1669.05,Sugarcane,SUGARCANE,Synthetic_Augmentation
62.91,57.81,57.3,30.32,77.69,6.55,988.1,Sugarcane,SUGARCANE,Synthetic_Augmentation
87.12,65.19,56.35,21.12,86.08,7.41,999.79,Sugarcane,SUGARCANE,Synthetic_Augmentation
83.38,78.6,96.65,27.33,65.77,6.25,839.52,Sugarcane,SUGARCANE,Synthetic_Augmentation
118.28,32.16,40.39,28.75,88.21,7.39,1271.64,Sugarcane,SUGARCANE,Synthetic_Augmentation
98.88,51.81,65.97,26.26,70.09,7.0,1698.12,Sugarcane,SUGARCANE,Synthetic_Augmentation
139.6,33.94,70.77,22.17,67.32,6.22,974.54,Sugarcane,SUGARCANE,Synthetic_Augmentation
121.13,54.81,113.54,20.39,57.34,6.51,880.28,Sugarcane,SUGARCANE,Synthetic_Augmentation
81.02,79.3,56.72,22.38,75.08,6.74,1380.44,Sugarcane,SUGARCANE,Synthetic_Augmentation
90.14,71.34,51.09,25.14,79.14,7.67,1169.57,Sugarcane,SUGARCANE,Synthetic_Augmentation
105.42,33.46,53.63,20.83,80.48,6.22,1523.75,Sugarcane,SUGARCANE,Synthetic_Augmentation
65.31,73.13,106.84,21.07,55.83,5.64,1653.63,Sugarcane,SUGARCANE,Synthetic_Augmentation
78.78,57.41,74.1,29.55,72.11,6.75,1789.09,Sugarcane,SUGARCANE,Synthetic_Augmentation
72.01,71.54,44.14,25.73,86.02,7.16,1485.21,Sugarcane,SUGARCANE,Synthetic_Augmentation
81.07,50.93,69.33,26.26,71.18,6.32,1105.48,Sugarcane,SUGARCANE,Synthetic_Augmentation
80.07,48.25,52.0,30.47,76.07,5.83,1493.86,Sugarcane,SUGARCANE,Synthetic_Augmentation
127.81,41.88,52.05,20.1,56.65,7.41,1787.19,Sugarcane,SUGARCANE,Synthetic_Augmentation
63.59,67.4,45.75,27.11,81.46,6.4,810.93,Sugarcane,SUGARCANE,Synthetic_Augmentation
107.62,79.56,60.61,22.27,59.34,6.89,1396.45,Sugarcane,SUGARCANE,Synthetic_Augmentation
123.38,67.65,111.4,29.67,63.65,6.89,1097.41,Sugarcane,SUGARCANE,Synthetic_Augmentation
86.38,76.6,94.55,31.7,69.59,6.84,1287.12,Sugarcane,SUGARCANE,Synthetic_Augmentation
68.58,41.84,82.21,20.81,87.6,5.81,997.98,Sugarcane,SUGARCANE,Synthetic_Augmentation
121.23,34.85,112.02,28.71,57.4,7.23,1431.63,Sugarcane,SUGARCANE,Synthetic_Augmentation
120.59,71.41,97.47,27.03,66.29,7.24,1756.97,Sugarcane,SUGARCANE,Synthetic_Augmentation
107.0,63.22,74.97,29.07,89.92,5.9,1002.41,Sugarcane,SUGARCANE,Synthetic_Augmentation
103.16,54.07,85.73,20.59,69.15,6.96,1385.19,Sugarcane,SUGARCANE,Synthetic_Augmentation
112.59,66.01,91.32,29.48,76.87,6.84,1406.2,Sugarcane,SUGARCANE,Synthetic_Augmentation
68.1,43.66,82.19,30.48,78.77,5.73,1392.27,Sugarcane,SUGARCANE,Synthetic_Augmentation
77.74,66.7,106.2,27.12,75.7,6.35,1246.25,Sugarcane,SUGARCANE,Synthetic_Augmentation
129.13,66.17,81.58,24.42,56.76,5.86,993.03,Sugarcane,SUGARCANE,Synthetic_Augmentation
89.87,77.21,80.41,22.82,58.7,6.35,1615.73,Sugarcane,SUGARCANE,Synthetic_Augmentation
90.67,68.63,104.22,21.33,76.3,7.9,1202.14,Sugarcane,SUGARCANE,Synthetic_Augmentation
64.08,76.17,110.69,26.27,74.33,6.03,1619.45,Sugarcane,SUGARCANE,Synthetic_Augmentation
99.89,31.69,94.64,31.41,84.02,6.19,853.33,Sugarcane,SUGARCANE,Synthetic_Augmentation
135.23,76.85,82.59,27.71,71.19,6.55,919.45,Sugarcane,SUGARCANE,Synthetic_Augmentation
67.74,41.64,106.93,21.75,62.93,6.87,1015.13,Sugarcane,SUGARCANE,Synthetic_Augmentation
73.06,58.17,69.45,27.51,86.93,5.88,1713.43,Sugarcane,SUGARCANE,Synthetic_Augmentation
132.2,71.45,90.5,27.44,77.37,7.23,816.48,Sugarcane,SUGARCANE,Synthetic_Augmentation
136.65,59.28,102.52,24.53,55.43,6.77,1307.19,Sugarcane,SUGARCANE,Synthetic_Augmentation
94.96,46.99,59.99,26.33,68.13,7.92,972.93,Sugarcane,SUGARCANE,Synthetic_Augmentation
85.57,44.7,83.46,25.99,77.53,7.88,1085.22,Sugarcane,SUGARCANE,Synthetic_Augmentation
115.42,31.25,60.99,25.56,56.08,7.04,1478.31,Sugarcane,SUGARCANE,Synthetic_Augmentation
119.74,55.83,88.32,24.75,56.44,5.75,1455.0,Sugarcane,SUGARCANE,Synthetic_Augmentation
139.64,30.79,84.61,29.01,83.94,6.86,1419.92,Sugarcane,SUGARCANE,Synthetic_Augmentation
115.74,72.95,49.78,31.11,55.91,7.59,876.74,Sugarcane,SUGARCANE,Synthetic_Augmentation
75.57,30.19,75.62,24.01,60.81,6.63,1202.37,Sugarcane,SUGARCANE,Synthetic_Augmentation
121.41,74.66,92.21,21.49,65.34,7.78,888.73,Sugarcane,SUGARCANE,Synthetic_Augmentation
92.55,77.13,116.05,24.93,78.36,6.64,1553.46,Sugarcane,SUGARCANE,Synthetic_Augmentation
62.53,37.21,89.14,22.79,78.31,6.38,1686.65,Sugarcane,SUGARCANE,Synthetic_Augmentation
125.54,54.64,101.83,23.25,72.3,5.99,1660.89,Sugarcane,SUGARCANE,Synthetic_Augmentation
125.85,75.11,110.2,31.52,62.99,7.83,1371.21,Sugarcane,SUGARCANE,Synthetic_Augmentation
93.8,58.02,67.41,23.46,63.45,5.71,1296.56,Sugarcane,SUGARCANE,Synthetic_Augmentation
131.02,61.51,81.68,25.14,71.25,6.02,1622.94,Sugarcane,SUGARCANE,Synthetic_Augmentation
75.87,65.83,100.8,26.9,85.2,6.23,1681.62,Sugarcane,SUGARCANE,Synthetic_Augmentation
118.35,69.94,93.17,30.16,89.76,6.55,1613.92,Sugarcane,SUGARCANE,Synthetic_Augmentation
119.57,52.64,114.16,24.73,74.79,5.76,1025.78,Sugarcane,SUGARCANE,Synthetic_Augmentation
127.26,49.83,71.53,22.95,72.21,7.51,1695.16,Sugarcane,SUGARCANE,Synthetic_Augmentation
65.61,58.74,77.38,27.37,70.65,6.5,1271.88,Sugarcane,SUGARCANE,Synthetic_Augmentation
106.56,55.05,77.77,29.81,81.1,6.35,1600.58,Sugarcane,SUGARCANE,Synthetic_Augmentation
128.29,37.67,86.61,23.42,80.87,6.1,1471.4,Sugarcane,SUGARCANE,Synthetic_Augmentation
80.41,55.56,115.89,24.58,85.65,7.97,1674.85,Sugarcane,SUGARCANE,Synthetic_Augmentation
73.27,70.98,42.57,24.72,85.48,7.22,1332.74,Sugarcane,SUGARCANE,Synthetic_Augmentation
91.03,70.61,96.76,25.62,86.24,6.07,970.39,Sugarcane,SUGARCANE,Synthetic_Augmentation
111.42,78.6,59.78,23.0,59.88,7.65,1026.4,Sugarcane,SUGARCANE,Synthetic_Augmentation
100.25,79.54,40.97,26.68,72.93,7.52,1155.28,Sugarcane,SUGARCANE,Synthetic_Augmentation
92.83,38.4,99.27,29.42,59.78,6.48,1692.9,Sugarcane,SUGARCANE,Synthetic_Augmentation
60.22,44.94,84.4,24.01,64.52,6.65,981.52,Sugarcane,SUGARCANE,Synthetic_Augmentation
102.37,65.33,86.02,21.12,84.55,5.94,1564.81,Sugarcane,SUGARCANE,Synthetic_Augmentation
88.85,69.14,56.5,22.24,72.4,5.58,1025.3,Sugarcane,SUGARCANE,Synthetic_Augmentation
117.92,71.87,46.46,30.58,82.91,7.67,1498.43,Sugarcane,SUGARCANE,Synthetic_Augmentation
113.93,56.25,92.22,31.03,58.52,6.29,872.45,Sugarcane,SUGARCANE,Synthetic_Augmentation
135.58,52.26,94.03,30.09,89.69,5.9,1599.51,Sugarcane,SUGARCANE,Synthetic_Augmentation
130.99,32.44,100.33,24.26,77.7,6.79,1059.74,Sugarcane,SUGARCANE,Synthetic_Augmentation
70.82,35.85,48.27,27.65,67.3,6.04,1491.89,Sugarcane,SUGARCANE,Synthetic_Augmentation
114.95,56.96,114.8,24.62,84.26,5.69,1539.83,Sugarcane,SUGARCANE,Synthetic_Augmentation
139.08,72.33,86.37,27.52,67.37,7.2,1570.4,Sugarcane,SUGARCANE,Synthetic_Augmentation
64.84,58.53,40.04,27.03,75.14,6.63,797.25,Tomato,TOMATO,Synthetic_Augmentation
88.6,64.07,56.68,31.43,74.75,7.48,1177.01,Tomato,TOMATO,Synthetic_Augmentation
95.13,67.77,76.57,20.41,69.02,7.03,816.69,Tomato,TOMATO,Synthetic_Augmentation
92.09,35.48,62.86,25.08,65.13,5.72,522.82,Tomato,TOMATO,Synthetic_Augmentation
90.26,54.22,42.92,18.23,66.57,5.83,964.1,Tomato,TOMATO,Synthetic_Augmentation
87.72,41.41,75.53,20.16,60.63,7.28,835.28,Tomato,TOMATO,Synthetic_Augmentation
93.15,41.26,59.8,24.59,66.8,7.5,491.56,Tomato,TOMATO,Synthetic_Augmentation
91.12,73.18,73.19,22.82,68.17,6.08,1039.29,Tomato,TOMATO,Synthetic_Augmentation
69.9,76.29,77.36,25.2,74.89,6.51,1123.61,Tomato,TOMATO,Synthetic_Augmentation
51.07,78.67,88.73,30.05,66.9,7.17,645.42,Tomato,TOMATO,Synthetic_Augmentation
85.72,37.02,58.42,24.24,61.28,6.27,1056.08,Tomato,TOMATO,Synthetic_Augmentation
55.4,67.26,44.42,28.72,77.72,6.3,977.98,Tomato,TOMATO,Synthetic_Augmentation
94.91,70.04,63.43,24.78,77.28,6.09,1043.11,Tomato,TOMATO,Synthetic_Augmentation
59.68,70.3,45.21,18.62,84.92,7.24,1106.28,Tomato,TOMATO,Synthetic_Augmentation
97.08,51.92,57.21,19.82,67.54,5.94,1148.44,Tomato,TOMATO,Synthetic_Augmentation
40.24,37.16,54.79,20.79,57.9,6.81,662.01,Tomato,TOMATO,Synthetic_Augmentation
76.9,74.51,76.15,27.72,62.79,5.82,656.47,Tomato,TOMATO,Synthetic_Augmentation
97.86,61.09,56.65,24.31,79.24,6.84,848.52,Tomato,TOMATO,Synthetic_Augmentation
93.11,63.62,78.56,20.66,53.72,7.43,879.09,Tomato,TOMATO,Synthetic_Augmentation
64.94,59.45,43.71,29.51,57.58,7.11,827.5,Tomato,TOMATO,Synthetic_Augmentation
56.59,31.51,88.95,20.47,51.81,7.01,680.03,Tomato,TOMATO,Synthetic_Augmentation
63.36,42.35,91.55,22.16,57.36,6.12,562.52,Tomato,TOMATO,Synthetic_Augmentation
59.06,34.15,49.51,23.84,80.78,5.61,570.14,Tomato,TOMATO,Synthetic_Augmentation
94.5,74.5,80.77,21.37,64.69,5.92,502.87,Tomato,TOMATO,Synthetic_Augmentation
62.8,58.79,61.6,26.55,60.37,6.19,1032.54,Tomato,TOMATO,Synthetic_Augmentation
92.7,46.1,74.29,21.89,51.87,6.98,536.8,Tomato,TOMATO,Synthetic_Augmentation
65.54,54.35,51.07,19.32,62.18,7.4,892.11,Tomato,TOMATO,Synthetic_Augmentation
62.88,31.95,76.02,19.29,68.99,7.0,738.87,Tomato,TOMATO,Synthetic_Augmentation
57.96,32.37,41.49,24.02,80.92,5.99,859.24,Tomato,TOMATO,Synthetic_Augmentation
81.06,33.04,49.19,22.64,73.45,6.38,987.36,Tomato,TOMATO,Synthetic_Augmentation
92.06,67.92,99.53,28.56,79.83,7.16,984.21,Tomato,TOMATO,Synthetic_Augmentation
88.11,76.73,68.51,26.94,68.02,7.2,745.09,Tomato,TOMATO,Synthetic_Augmentation
89.18,69.97,97.71,21.48,74.84,7.01,1149.02,Tomato,TOMATO,Synthetic_Augmentation
94.41,58.68,74.75,20.34,84.12,6.01,979.79,Tomato,TOMATO,Synthetic_Augmentation
87.75,52.06,52.67,20.65,79.98,6.52,472.11,Tomato,TOMATO,Synthetic_Augmentation
83.02,42.51,92.58,22.33,57.01,5.67,809.22,Tomato,TOMATO,Synthetic_Augmentation
67.04,67.57,67.88,22.81,59.16,6.06,1142.28,Tomato,TOMATO,Synthetic_Augmentation
49.9,79.41,59.62,19.24,58.7,5.62,1032.02,Tomato,TOMATO,Synthetic_Augmentation
70.75,46.85,79.72,26.83,82.9,7.42,944.55,Tomato,TOMATO,Synthetic_Augmentation
89.07,69.62,69.48,27.86,52.74,7.02,1169.47,Tomato,TOMATO,Synthetic_Augmentation
45.1,71.81,95.98,21.17,68.37,7.36,1168.18,Tomato,TOMATO,Synthetic_Augmentation
47.67,47.45,81.89,21.1,61.37,5.55,522.82,Tomato,TOMATO,Synthetic_Augmentation
73.74,62.65,78.93,28.9,64.53,6.05,412.46,Tomato,TOMATO,Synthetic_Augmentation
52.4,45.62,50.69,18.28,55.51,6.83,903.67,Tomato,TOMATO,Synthetic_Augmentation
96.14,69.91,74.07,19.93,69.74,5.62,744.71,Tomato,TOMATO,Synthetic_Augmentation
63.42,51.39,56.79,27.6,79.43,7.04,902.2,Tomato,TOMATO,Synthetic_Augmentation
72.3,31.55,83.38,25.63,59.48,6.16,1148.49,Tomato,TOMATO,Synthetic_Augmentation
77.46,53.8,77.26,23.79,66.46,6.08,751.88,Tomato,TOMATO,Synthetic_Augmentation
81.14,32.0,87.7,21.96,73.89,6.79,922.1,Tomato,TOMATO,Synthetic_Augmentation
76.49,77.96,70.5,28.25,74.69,5.97,626.64,Tomato,TOMATO,Synthetic_Augmentation
65.44,43.88,62.0,23.47,71.14,5.94,1043.43,Tomato,TOMATO,Synthetic_Augmentation
66.25,65.31,44.89,24.58,50.99,6.85,674.97,Tomato,TOMATO,Synthetic_Augmentation
96.96,46.21,73.83,21.6,71.7,6.43,696.5,Tomato,TOMATO,Synthetic_Augmentation
52.22,35.58,47.19,31.99,64.43,5.5,1162.34,Tomato,TOMATO,Synthetic_Augmentation
41.2,50.93,83.05,30.8,74.95,6.43,1179.55,Tomato,TOMATO,Synthetic_Augmentation
42.36,79.34,90.96,31.01,58.92,5.78,930.65,Tomato,TOMATO,Synthetic_Augmentation
70.95,56.16,95.48,26.68,60.89,6.3,506.8,Tomato,TOMATO,Synthetic_Augmentation
51.54,37.17,88.62,27.87,68.56,6.25,934.8,Tomato,TOMATO,Synthetic_Augmentation
88.77,74.06,72.82,29.48,67.9,6.45,1092.35,Tomato,TOMATO,Synthetic_Augmentation
63.18,49.8,58.29,25.26,69.07,6.82,744.4,Tomato,TOMATO,Synthetic_Augmentation
53.07,73.34,60.76,30.92,57.26,6.62,829.29,Tomato,TOMATO,Synthetic_Augmentation
89.72,36.94,94.6,25.44,70.51,6.52,428.82,Tomato,TOMATO,Synthetic_Augmentation
69.83,43.18,60.56,27.09,67.42,5.69,458.43,Tomato,TOMATO,Synthetic_Augmentation
51.14,39.54,76.5,20.49,80.86,5.92,472.91,Tomato,TOMATO,Synthetic_Augmentation
92.54,44.77,65.53,31.43,83.05,6.93,455.15,Tomato,TOMATO,Synthetic_Augmentation
75.6,79.45,96.81,19.48,63.86,6.13,503.78,Tomato,TOMATO,Synthetic_Augmentation
81.69,43.69,60.69,19.27,67.43,5.82,745.67,Tomato,TOMATO,Synthetic_Augmentation
48.6,77.69,48.7,25.31,56.89,5.65,561.85,Tomato,TOMATO,Synthetic_Augmentation
43.29,36.97,69.61,27.13,53.06,6.38,865.0,Tomato,TOMATO,Synthetic_Augmentation
54.05,48.6,44.31,21.08,66.34,7.48,1197.01,Tomato,TOMATO,Synthetic_Augmentation
98.78,51.15,44.84,22.53,58.32,5.53,476.19,Tomato,TOMATO,Synthetic_Augmentation
67.19,46.98,50.82,28.03,62.5,7.2,592.78,Tomato,TOMATO,Synthetic_Augmentation
72.3,39.21,69.72,20.13,55.66,6.72,611.03,Tomato,TOMATO,Synthetic_Augmentation
50.34,76.49,42.58,25.91,69.19,6.0,762.22,Tomato,TOMATO,Synthetic_Augmentation
45.26,66.06,53.3,20.71,61.02,7.3,1037.17,Tomato,TOMATO,Synthetic_Augmentation
96.81,62.6,79.78,24.72,81.68,6.52,684.05,Tomato,TOMATO,Synthetic_Augmentation
78.42,57.31,47.44,23.5,60.97,7.19,703.07,Tomato,TOMATO,Synthetic_Augmentation
89.29,52.12,85.21,19.89,82.36,6.46,607.84,Tomato,TOMATO,Synthetic_Augmentation
54.49,43.25,62.0,28.05,83.24,6.84,837.73,Tomato,TOMATO,Synthetic_Augmentation
66.92,71.41,90.98,22.1,83.37,6.29,1040.06,Tomato,TOMATO,Synthetic_Augmentation
98.01,65.18,49.69,26.21,54.16,7.08,625.05,Tomato,TOMATO,Synthetic_Augmentation
81.71,75.5,50.86,23.5,72.65,6.34,539.86,Tomato,TOMATO,Synthetic_Augmentation
41.74,50.33,78.95,26.04,55.47,6.4,695.58,Tomato,TOMATO,Synthetic_Augmentation
56.45,66.46,58.58,25.56,82.31,6.58,893.62,Tomato,TOMATO,Synthetic_Augmentation
44.39,38.91,46.06,28.71,79.26,5.87,575.42,Tomato,TOMATO,Synthetic_Augmentation
59.39,59.55,77.31,27.61,81.68,6.09,927.01,Tomato,TOMATO,Synthetic_Augmentation
73.58,45.29,94.44,19.34,74.92,6.96,1132.26,Tomato,TOMATO,Synthetic_Augmentation
71.11,46.08,89.66,28.79,67.51,7.04,614.3,Tomato,TOMATO,Synthetic_Augmentation
75.37,73.26,59.08,24.77,83.29,7.1,1109.63,Tomato,TOMATO,Synthetic_Augmentation
63.11,79.83,49.15,25.26,66.77,7.1,1126.89,Tomato,TOMATO,Synthetic_Augmentation
83.87,61.34,65.65,25.14,67.83,5.54,802.44,Tomato,TOMATO,Synthetic_Augmentation
91.36,65.46,87.74,23.47,68.51,5.57,706.4,Tomato,TOMATO,Synthetic_Augmentation
68.46,42.76,41.87,27.67,65.23,6.33,599.99,Tomato,TOMATO,Synthetic_Augmentation
72.27,51.9,68.44,26.13,50.22,7.32,456.87,Tomato,TOMATO,Synthetic_Augmentation
67.06,40.37,71.43,21.92,80.1,6.29,911.0,Tomato,TOMATO,Synthetic_Augmentation
54.93,30.97,64.25,25.51,66.08,7.42,965.47,Tomato,TOMATO,Synthetic_Augmentation
99.74,44.75,87.34,25.78,71.41,7.47,923.19,Tomato,TOMATO,Synthetic_Augmentation
93.93,66.29,47.64,27.79,66.95,7.34,1045.47,Tomato,TOMATO,Synthetic_Augmentation
46.25,36.7,44.18,24.91,52.83,6.95,841.89,Tomato,TOMATO,Synthetic_Augmentation
90.15,43.99,71.15,19.64,80.96,5.85,481.89,Tomato,TOMATO,Synthetic_Augmentation
78.7,37.56,62.93,23.95,48.3,7.45,756.68,Wheat,WHEAT,Synthetic_Augmentation
79.3,25.12,42.52,17.42,77.44,6.79,793.66,Wheat,WHEAT,Synthetic_Augmentation
62.17,29.09,47.73,11.28,73.97,6.76,754.85,Wheat,WHEAT,Synthetic_Augmentation
57.73,58.83,64.66,25.57,51.81,6.43,326.28,Wheat,WHEAT,Synthetic_Augmentation
47.71,47.32,57.24,29.35,56.4,6.24,581.73,Wheat,WHEAT,Synthetic_Augmentation
49.47,25.2,43.79,14.54,68.44,6.37,799.61,Wheat,WHEAT,Synthetic_Augmentation
75.01,32.49,61.61,26.1,58.56,6.08,709.5,Wheat,WHEAT,Synthetic_Augmentation
46.99,28.0,20.37,25.74,68.27,6.91,768.44,Wheat,WHEAT,Synthetic_Augmentation
62.95,42.75,26.99,12.29,68.39,6.44,639.14,Wheat,WHEAT,Synthetic_Augmentation
78.25,45.39,47.68,21.18,55.64,5.56,562.03,Wheat,WHEAT,Synthetic_Augmentation
50.73,36.34,62.67,14.68,47.04,6.06,476.16,Wheat,WHEAT,Synthetic_Augmentation
73.1,42.28,59.19,23.29,59.22,7.13,400.18,Wheat,WHEAT,Synthetic_Augmentation
41.14,23.6,56.12,19.24,50.64,6.5,391.39,Wheat,WHEAT,Synthetic_Augmentation
74.82,37.85,39.05,16.03,67.06,6.22,352.59,Wheat,WHEAT,Synthetic_Augmentation
45.9,58.48,65.43,23.99,54.31,7.44,767.25,Wheat,WHEAT,Synthetic_Augmentation
75.84,37.97,33.61,11.93,76.59,6.41,421.42,Wheat,WHEAT,Synthetic_Augmentation
55.3,43.17,28.84,27.13,71.55,6.94,559.26,Wheat,WHEAT,Synthetic_Augmentation
71.37,43.36,52.49,11.69,59.55,5.58,596.39,Wheat,WHEAT,Synthetic_Augmentation
56.49,25.78,25.17,21.75,50.97,7.35,648.64,Wheat,WHEAT,Synthetic_Augmentation
57.34,43.64,21.14,29.17,61.88,7.07,349.64,Wheat,WHEAT,Synthetic_Augmentation
64.33,39.63,66.89,21.43,61.57,6.03,498.94,Wheat,WHEAT,Synthetic_Augmentation
66.03,37.56,21.08,26.53,76.37,5.78,632.42,Wheat,WHEAT,Synthetic_Augmentation
45.43,46.89,34.06,23.19,70.44,7.04,364.64,Wheat,WHEAT,Synthetic_Augmentation
85.8,29.21,21.87,21.1,57.98,7.16,784.95,Wheat,WHEAT,Synthetic_Augmentation
55.86,58.12,34.55,20.3,53.96,7.37,398.76,Wheat,WHEAT,Synthetic_Augmentation
42.25,37.4,69.62,27.83,71.2,7.28,836.07,Wheat,WHEAT,Synthetic_Augmentation
65.94,32.64,58.6,23.23,58.08,5.69,748.07,Wheat,WHEAT,Synthetic_Augmentation
53.12,57.47,32.05,12.46,74.09,5.81,407.56,Wheat,WHEAT,Synthetic_Augmentation
69.97,54.98,29.82,16.21,72.21,7.44,600.44,Wheat,WHEAT,Synthetic_Augmentation
47.19,20.56,31.48,12.64,68.72,5.74,603.8,Wheat,WHEAT,Synthetic_Augmentation
74.71,43.24,29.99,26.08,70.04,6.98,378.63,Wheat,WHEAT,Synthetic_Augmentation
46.19,57.1,39.88,16.02,62.1,6.83,873.37,Wheat,WHEAT,Synthetic_Augmentation
54.32,56.99,21.24,21.1,67.19,5.71,384.2,Wheat,WHEAT,Synthetic_Augmentation
60.96,58.65,49.8,28.66,73.15,6.43,770.86,Wheat,WHEAT,Synthetic_Augmentation
40.89,24.37,61.47,25.94,53.14,6.56,663.61,Wheat,WHEAT,Synthetic_Augmentation
83.39,44.12,40.63,17.48,59.91,6.8,820.49,Wheat,WHEAT,Synthetic_Augmentation
62.69,29.91,31.83,24.92,73.58,5.71,339.94,Wheat,WHEAT,Synthetic_Augmentation
69.72,25.85,61.23,16.21,50.04,7.34,399.32,Wheat,WHEAT,Synthetic_Augmentation
54.24,26.14,25.77,10.42,46.94,5.85,332.03,Wheat,WHEAT,Synthetic_Augmentation
69.56,47.23,39.68,16.36,62.66,7.25,810.68,Wheat,WHEAT,Synthetic_Augmentation
42.17,27.26,31.84,14.99,64.99,6.33,329.55,Wheat,WHEAT,Synthetic_Augmentation
58.68,40.95,25.08,26.67,46.82,7.35,359.47,Wheat,WHEAT,Synthetic_Augmentation
82.18,56.11,68.98,26.04,72.28,6.78,767.4,Wheat,WHEAT,Synthetic_Augmentation
46.73,41.44,45.71,27.15,61.2,6.27,683.74,Wheat,WHEAT,Synthetic_Augmentation
53.32,25.59,43.89,18.34,53.14,6.24,519.84,Wheat,WHEAT,Synthetic_Augmentation
56.37,35.18,54.29,15.94,78.21,7.33,588.55,Wheat,WHEAT,Synthetic_Augmentation
56.42,41.42,62.43,23.05,73.15,6.57,679.75,Wheat,WHEAT,Synthetic_Augmentation
54.41,49.4,30.12,23.9,75.13,5.76,668.63,Wheat,WHEAT,Synthetic_Augmentation
44.75,49.03,24.22,28.72,49.81,7.42,780.53,Wheat,WHEAT,Synthetic_Augmentation
69.68,51.3,59.76,28.92,53.87,6.68,357.03,Wheat,WHEAT,Synthetic_Augmentation
70.81,26.85,48.25,21.45,61.31,6.55,758.35,Wheat,WHEAT,Synthetic_Augmentation
79.96,39.69,49.98,28.62,49.19,5.73,352.63,Wheat,WHEAT,Synthetic_Augmentation
72.89,36.74,58.72,23.42,56.68,7.3,757.52,Wheat,WHEAT,Synthetic_Augmentation
53.53,34.57,35.72,13.15,50.17,7.37,562.74,Wheat,WHEAT,Synthetic_Augmentation
59.17,49.19,47.65,28.72,72.31,6.46,525.82,Wheat,WHEAT,Synthetic_Augmentation
89.33,48.71,67.56,12.37,74.77,6.77,373.15,Wheat,WHEAT,Synthetic_Augmentation
69.41,47.44,20.62,19.09,73.89,6.09,575.13,Wheat,WHEAT,Synthetic_Augmentation
62.12,32.08,65.92,25.63,48.87,7.49,827.52,Wheat,WHEAT,Synthetic_Augmentation
54.2,53.48,25.32,29.98,68.3,6.8,354.26,Wheat,WHEAT,Synthetic_Augmentation
84.85,21.16,32.04,12.86,72.19,5.9,846.38,Wheat,WHEAT,Synthetic_Augmentation
72.81,21.45,20.27,11.03,66.21,7.1,443.13,Wheat,WHEAT,Synthetic_Augmentation
82.47,22.29,60.05,28.56,72.02,6.9,802.79,Wheat,WHEAT,Synthetic_Augmentation
42.01,28.07,26.25,20.09,71.08,6.76,810.68,Wheat,WHEAT,Synthetic_Augmentation
47.76,49.38,29.65,15.42,69.85,7.46,666.93,Wheat,WHEAT,Synthetic_Augmentation
42.73,44.65,22.12,27.68,69.84,5.85,355.03,Wheat,WHEAT,Synthetic_Augmentation
49.18,59.2,42.93,25.68,67.27,6.64,387.08,Wheat,WHEAT,Synthetic_Augmentation
87.3,32.05,48.9,24.0,67.72,7.38,389.06,Wheat,WHEAT,Synthetic_Augmentation
65.42,36.16,43.71,12.38,49.69,6.06,482.82,Wheat,WHEAT,Synthetic_Augmentation
61.4,44.44,51.73,18.24,59.31,5.94,652.98,Wheat,WHEAT,Synthetic_Augmentation
55.85,21.44,40.92,19.48,52.9,6.64,639.46,Wheat,WHEAT,Synthetic_Augmentation
75.1,45.92,52.62,16.32,72.56,6.6,558.85,Wheat,WHEAT,Synthetic_Augmentation
71.3,34.43,45.64,24.73,76.02,7.34,602.18,Wheat,WHEAT,Synthetic_Augmentation
66.01,51.99,35.72,26.75,62.29,5.73,343.24,Wheat,WHEAT,Synthetic_Augmentation
82.1,22.22,34.03,16.68,51.05,6.13,745.62,Wheat,WHEAT,Synthetic_Augmentation
40.73,53.09,62.83,17.45,50.38,6.7,371.8,Wheat,WHEAT,Synthetic_Augmentation
58.25,58.34,69.77,25.44,55.88,6.88,723.24,Wheat,WHEAT,Synthetic_Augmentation
59.39,45.64,20.54,14.18,63.38,5.83,399.54,Wheat,WHEAT,Synthetic_Augmentation
81.82,59.57,47.8,26.78,79.66,5.78,568.95,Wheat,WHEAT,Synthetic_Augmentation
59.63,23.2,57.77,18.68,61.43,5.8,408.56,Wheat,WHEAT,Synthetic_Augmentation
85.36,21.79,31.64,15.84,62.16,6.67,595.97,Wheat,WHEAT,Synthetic_Augmentation
44.21,29.75,62.18,22.75,67.72,6.84,757.74,Wheat,WHEAT,Synthetic_Augmentation
42.91,34.66,46.98,16.77,74.56,6.47,761.18,Wheat,WHEAT,Synthetic_Augmentation
82.6,40.19,65.48,21.74,74.76,6.18,599.29,Wheat,WHEAT,Synthetic_Augmentation
66.57,24.2,39.93,28.35,67.08,5.86,503.31,Wheat,WHEAT,Synthetic_Augmentation
49.58,20.99,66.37,18.96,55.76,6.7,304.39,Wheat,WHEAT,Synthetic_Augmentation
53.9,48.12,51.69,29.64,66.71,6.46,756.86,Wheat,WHEAT,Synthetic_Augmentation
85.17,48.83,68.16,25.64,75.34,5.73,739.45,Wheat,WHEAT,Synthetic_Augmentation
62.0,42.12,52.71,29.4,79.46,6.08,740.25,Wheat,WHEAT,Synthetic_Augmentation
77.5,33.86,26.19,10.82,72.21,6.48,891.32,Wheat,WHEAT,Synthetic_Augmentation
63.25,59.12,40.58,25.87,47.97,6.61,781.24,Wheat,WHEAT,Synthetic_Augmentation
86.24,52.9,21.85,17.45,46.7,5.72,705.18,Wheat,WHEAT,Synthetic_Augmentation
75.66,50.95,63.27,24.79,73.03,5.6,440.72,Wheat,WHEAT,Synthetic_Augmentation
71.09,54.33,20.23,20.29,68.71,5.56,540.81,Wheat,WHEAT,Synthetic_Augmentation
84.78,46.86,31.88,27.06,57.18,7.21,479.37,Wheat,WHEAT,Synthetic_Augmentation
69.52,35.88,33.74,27.73,51.57,5.67,505.16,Wheat,WHEAT,Synthetic_Augmentation
75.88,52.3,69.94,15.93,59.28,5.77,644.92,Wheat,WHEAT,Synthetic_Augmentation
89.88,48.04,49.76,17.85,77.04,6.49,380.62,Wheat,WHEAT,Synthetic_Augmentation
58.27,22.69,30.1,10.35,60.86,6.77,505.98,Wheat,WHEAT,Synthetic_Augmentation
61.02,58.37,57.6,20.82,54.96,7.29,441.06,Wheat,WHEAT,Synthetic_Augmentation
56.27,56.36,46.48,24.85,65.68,6.81,479.63,Wheat,WHEAT,Synthetic_Augmentation
